timestamp,value1,value2,value3,value4
0.0,0.999,0.0,0.001,0.0
1.0,0.9985364902215019,0.0003804554732142857,0.0009505969387755102,0.00013245736650824714
2.0,0.9980647899349444,0.0006679216328809863,0.0010002214346728914,0.00026706699750170227
3.0,0.9975427628044474,0.0009221506260068902,0.0011192069292000775,0.000415879640345646
4.0,0.9969452660170386,0.0011708726113973278,0.00129777202106252,0.0005860893505015833
5.0,0.9962454472086448,0.0014375044442613103,0.0015316621495727312,0.0007853861975211897
6.0,0.9954159755555618,0.0017403276929983463,0.0018220839754199288,0.0010216127760199387
7.0,0.994427907116984,0.002093768240452763,0.002175225960977672,0.0013030986815856227
8.0,0.993248579246373,0.0025113370464413588,0.0026008046615423105,0.0016392790456434502
9.0,0.9918399876168981,0.003007383864998987,0.003111446445263308,0.0020411820728397636
10.0,0.9901574952543053,0.003597934424336086,0.0037227387518086923,0.002521831569550043
11.0,0.9881485188389968,0.00430130617277457,0.004453504296745662,0.0030966706914831413
12.0,0.9857510973602764,0.00513867723692708,0.005326185012472966,0.0037840403903236825
13.0,0.9828923417538836,0.006134603612813853,0.006367333065117589,0.004605721568185143
14.0,0.9794867679165113,0.007317489099861402,0.007608190832437746,0.005587552151189728
15.0,0.9754345320350991,0.00872000581080764,0.009085332237546668,0.006760129916546808
16.0,0.97061962108797,0.010379434347206335,0.010841336727523517,0.008159607837300431
17.0,0.9649080937243303,0.012337864239946513,0.012925458316666978,0.009828583719056466
18.0,0.9581465199905533,0.014642166568932706,0.015394234082409778,0.011817079358104372
19.0,0.9501608369719478,0.017343617148310685,0.018311951014829866,0.014183594864911931
20.0,0.9407559228082376,0.020497010186990693,0.02175085700075522,0.01699621000401668
21.0,0.9297162916668332,0.02415906226610817,0.025790960734915803,0.02033368533214302
22.0,0.9168084199431009,0.028385871573088556,0.03051921792529213,0.0242864905585186
23.0,0.9017853137415047,0.03322917948446083,0.036027851513028654,0.02895765526100602
24.0,0.8843939921854068,0.038731199521912965,0.04241151018225472,0.0344632981104257
25.0,0.8643865480160368,0.04491785852783153,0.049762946521543096,0.04093264693458881
26.0,0.8415352988482501,0.05179046809748739,0.05816691535802493,0.04850731769623786
27.0,0.8156521927464186,0.05931614093690168,0.06769208255906434,0.05733958375761564
28.0,0.786612021212667,0.06741770163963859,0.07838092710886688,0.06758935003882782
29.0,0.7543780999129724,0.07596439194450581,0.09023794157390161,0.07941956656862047
30.0,0.719027962377272,0.08476525096106625,0.10321689488451147,0.09298989177715064
31.0,0.6807754599076791,0.09356749259770072,0.11720848230325712,0.10844856519136342
32.0,0.639984802400707,0.10206226238450512,0.13203025496887622,0.125922680245912
33.0,0.5971719431849325,0.10989957469644004,0.14742113185190517,0.14550735026672262
34.0,0.5529897112074307,0.11671285099320489,0.16304284117080087,0.16725459662856385
35.0,0.5081953933748375,0.12215139152801259,0.17849012470059408,0.19116309039655602
36.0,0.4636027926123835,0.12591675906396604,0.19331038822518526,0.21717006009846546
37.0,0.420024347242682,0.12779717919812894,0.2070318189822867,0.24514665457690263
38.0,0.3782115865694412,0.12769346939399254,0.21919717141327374,0.2748977726232928
39.0,0.3388030152774894,0.12563117686138223,0.22939895225095686,0.3061668556101718
40.0,0.30228705053357335,0.12175638093364416,0.23731109509513829,0.3386454734376445
41.0,0.26898429900136767,0.11631618583851011,0.24271265679762846,0.3719868583624941
42.0,0.23904934974607928,0.10962814211957929,0.2455005021284047,0.4058220060059371
43.0,0.21248865209867085,0.10204470413129824,0.24568996382622918,0.4397766799438021
44.0,0.18918887183788327,0.09391894646581747,0.24340451491825832,0.47348766677804127
45.0,0.16894965175669593,0.08557638169418627,0.23885706876766127,0.5066168977814568
46.0,0.1515156190605447,0.07729554670528149,0.2323263426593894,0.5388624915747847
47.0,0.13660414057885545,0.0692978327931579,0.22413175706678543,0.5699662695612016
48.0,0.12392708987229535,0.061745381074725644,0.21460977552082444,0.599717753532155
49.0,0.11320632804425874,0.05474496805879436,0.2040936968033667,0.6279550070935805
50.0,0.10418353799681589,0.04835559991189171,0.1928979600448997,0.654562902046393
51.0,0.09662551121234192,0.042597800344762154,0.1813072055053562,0.6794694829375401
52.0,0.09032608837547497,0.03746307373615085,0.16956974428021054,0.702641093608164
53.0,0.08510584251415966,0.032922562115968175,0.15789474273380308,0.7240768526360695
54.0,0.08081038368943846,0.028934378579069175,0.14645228522138323,0.7438029525101095
55.0,0.07730793626062514,0.02544944433891366,0.13537548362837867,0.7618671357720829
56.0,0.0744866360988019,0.02241588025144351,0.12476389629252384,0.7783335873572311
57.0,0.07225183276600328,0.01978212712466104,0.11468765471363948,0.7932783853956966
58.0,0.07052356226024056,0.017499020297790668,0.10519184106702095,0.8067855763749482
59.0,0.06923427369215039,0.015521048773445525,0.09630079301031272,0.8189438845240917
60.0,0.06832684003007104,0.013807008019630123,0.08802212481139905,0.8298440271389002
61.0,0.06775285086640642,0.012320222685097526,0.08035034245439375,0.8395765839941027
62.0,0.06747116738948113,0.011028479874969235,0.07326999618470674,0.8482303565508433
63.0,0.06744671135106192,0.009903780349977551,0.06675836004435605,0.8558911482546049
64.0,0.06764945720279184,0.008921986406755521,0.0607876581453512,0.8626408982451018
65.0,0.06805359729188193,0.008062421980447241,0.05532687548951446,0.8685571052381568
66.0,0.06863685246959256,0.0073074624740436895,0.05034320037437884,0.8737124846819853
67.0,0.06937990368742161,0.006642138308107917,0.045803148537813115,0.8781748094666577
68.0,0.07026592355114755,0.006053766395909869,0.04167341829786754,0.8820068917550754
69.0,0.07128019004909995,0.00553161688954326,0.03792152261013066,0.8852666704512265
70.0,0.07240976760883067,0.005066617909257018,0.03451623931708323,0.8880073751648295
71.0,0.07364324320444345,0.004651097976536498,0.03142791567478518,0.8902777431442354
72.0,0.0749705074298913,0.004278564056853309,0.02862865801735527,0.8921222704959006
73.0,0.07638257229583677,0.0039435121236183965,0.02609243246984316,0.8935814831107022
74.0,0.0778714190370448,0.003641266714231225,0.023795098118266546,0.8946922161304579
75.0,0.07942987047586561,0.003367845868126448,0.02171439007086748,0.8954878935851409
76.0,0.08105148351642892,0.0031198479773602295,0.01982986641463868,0.8959988020915726
77.0,0.08273045818152654,0.0028943573468047054,0.01812283016541822,0.8962523543062509
78.0,0.08446156028310847,0.002688865588824688,0.01657623488619078,0.8962733392418765
79.0,0.08624005536641528,0.0025012063242509986,0.015174580653931239,0.8960841576554028
80.0,0.08806165201106912,0.0023295010012663055,0.013903805434344016,0.8957050415533209
81.0,0.08992245292994128,0.0021721139611826415,0.012751175621383426,0.895154257487493
82.0,0.09181891259476434,0.002027615167119458,0.011705178463542557,0.894448293774574
83.0,0.09374780034971282,0.0018947492652397393,0.010755418285830182,0.8936020320992176
84.0,0.09570616816146962,0.0017724098684721553,0.009892517785078705,0.8926289041849799
85.0,0.0976913223054697,0.0016596181413523535,0.00910802519237357,0.8915410343608047
86.0,0.09970079841019874,0.001555504924541988,0.008394327730927636,0.8903493689343319
87.0,0.10173233938035686,0.0014592957719384858,0.007744571526427043,0.8890637933212779
88.0,0.10378387579997624,0.0013702983853543095,0.0071525879297802105,0.8876932378848896
89.0,0.10585350848189282,0.0012878920246677857,0.006612826073007208,0.8862457734204325
90.0,0.10793949288326408,0.001211518548021929,0.006120291384524478,0.8847286971841899
91.0,0.11004022515045514,0.0011406747996590843,0.005670489729729945,0.8831486103201562
92.0,0.11215422959246726,0.0010749061145909765,0.005259376808158188,0.881511487484784
93.0,0.11428014741166119,0.0010138007514653242,0.004883312422910593,0.8798227394139634
94.0,0.11641672654503496,0.0009569850993596464,0.004539019236370699,0.8780872691192352
95.0,0.11856281248971333,0.000904119532206305,0.004223545634354562,0.8763095223437263
96.0,0.12071734000336319,0.0008548948072958887,0.003934232335717436,0.874493532853624
97.0,0.12287932558458231,0.0008090289227853554,0.0036686824036814367,0.8726429630889514
98.0,0.125047860650412,0.0007662643641498706,0.0034247343369904963,0.8707611406484481
99.0,0.12722210533839598,0.0007263656817168055,0.0032004379421252654,0.8688510910377625
100.0,0.12940128286936672,0.000689117351341085,0.0029940327112661547,0.8669155670680265
101.0,0.13158467441464794,0.0006543218783579113,0.002803928453798551,0.8649570752531961
102.0,0.13377161441782373,0.0006217981115348846,0.00262868795144332,0.8629778995191986
103.0,0.13596148632681626,0.0005913797391265797,0.002467011428261582,0.8609801225057961
104.0,0.13815371869686852,0.0005629139435417511,0.002317722646639395,0.8589656447129509
105.0,0.14034778162926523,0.0005362601947529344,0.0021797564588084558,0.8569362017171739
106.0,0.1425431835143332,0.0005112891655604863,0.0020521476604709534,0.8548933796596359
107.0,0.14473946805052176,0.000487881754289019,0.0019340210086841968,0.8528386291865055
108.0,0.14693621151423833,0.0004659282025410352,0.0018245822803690515,0.8507732780028521
109.0,0.14913302025765562,0.00044532729733868566,0.0017231102607021967,0.848698542184304
110.0,0.1513295284139624,0.0004259856484129507,0.0016289495623151495,0.84661553637531
111.0,0.1535253957915344,0.00040781703260093843,0.0015415041867392865,0.8445252829891259
112.0,0.15572030594029057,0.00039074179832727934,0.0014602317489947158,0.8424287205123879
113.0,0.1579139643750964,0.0003746863240077764,0.0013846382947103107,0.8403267110061861
114.0,0.1601060969425062,0.0003595825249492011,0.0013142736467684432,0.8382200468857767
115.0,0.16229644831841852,0.0003453674039500021,0.0012487272252728388,0.8361094570523592
116.0,0.16448478062537078,0.000331982641350238,0.0011876242907185584,0.8339956124425609
117.0,0.16667087215923526,0.00031937422074952004,0.0011306225656710488,0.8318791310543446
118.0,0.1688545162160125,0.00030749208702079587,0.001077409195102632,0.8297605825018646
119.0,0.1710355200102598,0.00029628983360495555,0.0010276980098502765,0.8276404921462854
120.0,0.17321370367745312,0.0002857244163843383,0.0009812270615032336,0.8255193448446597
121.0,0.17538889935326765,0.0002757558917087287,0.0009377564004531604,0.8233975883545709
122.0,0.17756095032338462,0.0002663471763907211,0.0008970660718879053,0.8212756364283372
123.0,0.17972971023799453,0.000257463827702867,0.0008589543072239263,0.8191538716270792
124.0,0.18189504238567775,0.000249073841600538,0.0008232358908878874,0.8170326478818344
125.0,0.18405681902180623,0.000241147467565079,0.0007897406845080988,0.8149122928261211
126.0,0.18621492074703014,0.0002336570386142483,0.0007583122924904165,0.8127931099218657
127.0,0.18836923593179478,0.0002265768151633939,0.0007288068546571443,0.8106753803983852
128.0,0.19051966018318048,0.00021988284154322602,0.0007010919531446992,0.8085593650221321
129.0,0.19266609585067268,0.0002135528140900592,0.0006750456221070654,0.8064453057131307
130.0,0.19480845156775706,0.00020756595982343915,0.0006505554499758586,0.8043334270224441
131.0,0.19694664182649543,0.000201902924815364,0.0006275177651005508,0.8022239374835891
132.0,0.19908058658247604,0.00019654567143592957,0.0006058368965486853,0.8001170308495398
133.0,0.20121021088774882,0.00019147738373310653,0.0005854245026986776,0.7980128872258199
134.0,0.20333544454955363,0.00018668238027030778,0.0005661989610185741,0.795911674109158
135.0,0.20545622181282983,0.00018214603380515117,0.0005480848131031286,0.7938135473402623
136.0,0.20757248106465997,0.00017785469724699676,0.0005310122596478145,0.7917186519784457
137.0,0.20968416455895048,0.00017379563538000165,0.0005149167005799803,0.78962712310509
138.0,0.2117912181597894,0.00016995696188308845,0.0004997383160513777,0.7875390865622766
139.0,0.21389359110204637,0.00016632758121880856,0.0004854216844291144,0.7854546596323062
140.0,0.21599123576789436,0.00016289713499999435,0.0004719154338092942,0.7833739516632968
141.0,0.2180841074780378,0.0001596559524766901,0.0004591719239242095,0.7812970646455618
142.0,0.2201721642965266,0.00015659500481644546,0.0004471469556243693,0.7792240937430331
143.0,0.22225536684812375,0.00015370586287893298,0.0004357995053948034,0.7771551277836031
144.0,0.22433367814727403,0.0001509806582112686,0.00042509148261448256,0.7750902497119008
145.0,0.22640706343779454,0.00014841204701359923,0.0004149875074914245,0.773029537007701
146.0,0.22847549004247492,0.00014599317684568512,0.00040545470780688393,0.7709730620728731
147.0,0.23053892722183672,0.00014371765586452983,0.00039646253278239696,0.7689208925895169
148.0,0.2325973460413573,0.00014157952440077,0.0003879825825455435,0.7668730918516969
149.0,0.23465071924651545,0.00013957322869768025,0.00037998845181605256,0.7648297190729714
150.0,0.23669902114506314,0.00013769359665141644,0.00037245558656502387,0.762790829671721
151.0,0.23874222749597063,0.00013593581540463593,0.0003653611525181147,0.7607564755361071
152.0,0.24078031540453237,0.0001342954106580115,0.0003586839144799162,0.7587267052703303
153.0,0.242813263223157,0.00013276822757549836,0.0003524041255526341,0.7567015644237154
154.0,0.24484105045739793,0.00013135041316961521,0.000346503425408687,0.7546810957040243
155.0,0.24686365767681198,0.00013003840006254387,0.0003409647468549135,0.7526653391762711
156.0,0.24888106643026034,0.00012882889152761743,0.0003357722299966002,0.750654332448216
157.0,0.2508932591652929,0.00012771884772382113,0.0003309111433732881,0.7486481108436105
158.0,0.252900219151279,0.00012670547304333976,0.0003263678114959676,0.7466467075641822
159.0,0.25490193040597,0.0001257862044990066,0.00032212954826746267,0.7446501538412641
160.0,0.25689837762519746,0.00012495870108479557,0.000318184595815076,0.7426584790779032
161.0,0.25888954611542986,0.00012422083404829918,0.00031452206830742197,0.7406717109822148
162.0,0.26087542172892486,0.0001235706780194919,0.0003111319003662555,0.7386898756926898
163.0,0.2628559908012306,0.00012300650294503568,0.00030800479971940817,0.7367129978961054
164.0,0.26483124009080217,0.00012252676678197458,0.0003051322037730284,0.7347411009386433
165.0,0.2668011567205106,0.0001221301089089249,0.0003025062398105093,0.7327742069307704
166.0,0.268765728120834,0.00012181534421682656,0.00030011968855206395,0.7308123368463976
167.0,0.2707249419745288,0.00012158145784500746,0.0002979659508331312,0.7288555106167935
168.0,0.2726787861625884,0.00012142760053175359,0.00029603901718190103,0.7269037472196984
169.0,0.27462724871130434,0.00012135308455179565,0.00029433344009644196,0.7249570647640479
170.0,0.27657031774025126,0.0001213573802161411,0.000292844308840389,0.7230154805706926
171.0,0.27850798141102345,0.0001214401129125189,0.00029156722659307206,0.7210790112494714
172.0,0.2804402278765554,0.00012160106066738162,0.00029049828980549225,0.7191476727729721
173.0,0.28236704523086326,0.00012184015221294319,0.00028963406962782004,0.7172214805472964
174.0,0.28428842145904737,0.0001221574655451376,0.000288971595287225,0.7153004494801206
175.0,0.28620434438739983,0.00012255322696067792,0.0002885083393069622,0.7133845940463329
176.0,0.28811480163346115,0.00012302781056359137,0.0002882422044688394,0.7114739283515068
177.0,0.29001978055587396,0.00012358173823371813,0.00028817151243156814,0.7095684661934611
178.0,0.2919192682038807,0.00012421568005170007,0.00028829499392713913,0.7076682211221409
179.0,0.2938132512663128,0.00012493045517696463,0.00028861178046634474,0.7057732064980443
180.0,0.2957017160199191,0.0001257270331771378,0.0002891213974929611,0.7038834355494112
181.0,0.2975846482768793,0.00012660653580921007,0.00028982375893397006,0.7019989214283779
182.0,0.2994620333313466,0.0001275702392546406,0.00029071916310060186,0.7001196772662986
183.0,0.3013338559048619,0.0001286195768124269,0.00029180828990197234,0.6982457162284241
184.0,0.3032001000904786,0.0001297561420559998,0.0002930921993397177,0.6963770515681261
185.0,0.3050607492954332,0.00013098169246163446,0.00029457233125834877,0.6945136966808473
186.0,0.30691578618219306,0.0001322981535179095,0.00029625050633209194,0.6926556651579574
187.0,0.3087651926077079,0.00013370762332760177,0.00029812892827479963,0.6908029708406902
188.0,0.3106089495606858,0.00013521237771528725,0.0003002101872651348,0.6889556278743343
189.0,0.31244703709670835,0.00013681487585583485,0.000302497264584698,0.6871136507628517
190.0,0.3142794342709927,0.00013851776644093774,0.0003049935384721022,0.6852770544240948
191.0,0.3161061190686012,0.00014032389440283652,0.00030770279120124474,0.6834458542457953
192.0,0.3179270683318899,0.00014223630821645625,0.0003106292173972043,0.681620066142497
193.0,0.3197422576849791,0.00014425826780331495,0.000313777433608332,0.6797997066136098
194.0,0.32155166145501923,0.0001463932530627731,0.00031715248915823997,0.6779847928027602
195.0,0.3233552525900134,0.00014864497305848914,0.0003207598783065387,0.676175342558622
196.0,0.3251530025729483,0.00015101737589033585,0.00032460555375236845,0.6743713744974095
197.0,0.32694488133197086,0.00015351465928452424,0.00032869594152002687,0.6725729080672251
198.0,0.3287308571463358,0.00015614128193728376,0.0003330379572713471,0.6707799636144561
199.0,0.3305108965478349,0.0001589019756501713,0.00033763902409494494,0.6689925624524206
200.0,0.3322849642174014,0.0001618017582979346,0.0003425070918280586,0.6672107269324732
201.0,0.3340530228765699,0.00016484594767284785,0.0003476506579724701,0.6654344805177853
202.0,0.33581503317345085,0.00016804017625257894,0.00035307879027194966,0.6636638478600252
203.0,0.3375709535628619,0.00017139040694194824,0.0003588011510248243,0.6618988548791719
204.0,0.33932074018023795,0.00017490294984240932,0.0003648280232116638,0.6601395288467086
205.0,0.3410643467089199,0.00017858448010673036,0.00037117033852472473,0.6583858984724493
206.0,0.3428017242403985,0.0001824420569401946,0.00037783970739271817,0.6566379939952692
207.0,0.34453282112706757,0.00018648314381367748,0.0003848484511016958,0.6548958472780178
208.0,0.34625758282701163,0.00019071562995820774,0.00039220963612040117,0.6531594919069105
209.0,0.34797595174032864,0.00019514785321509128,0.0003999371107463372,0.6514289632957107
210.0,0.34968786703645693,0.0001997886243203785,0.00040804554419707575,0.6497042987950263
211.0,0.3513932644719456,0.00020464725270740006,0.00041655046828001076,0.6479855378070678
212.0,0.3530920761980737,0.00020973357391629107,0.00042546832178284703,0.646272721906228
213.0,0.35478423055769,0.00021505797870487913,0.0004348164977366589,0.6445658949658694
214.0,0.35646965187060564,0.00022063144396103617,0.0004446133937133555,0.6428651032917209
215.0,0.35814826020683616,0.00022646556552259535,0.00045487846532988685,0.6411703957623123
216.0,0.3598199711469441,0.00023257259301721908,0.00046563228314253205,0.639481823976897
217.0,0.36148469552869295,0.00023896546684117753,0.00047689659312615044,0.6377994424113406
218.0,0.3631423391791743,0.00024565785740286267,0.0004886943809453692,0.6361233085824783
219.0,0.364792802631523,0.00025266420676402283,0.0005010499402373425,0.6344534832214765
220.0,0.36643598082528245,0.00025999977281915455,0.0005139889451389632,0.6327900304567604
221.0,0.3680717627894283,0.0002676806761612314,0.0005275385273052548,0.6311330180071062
222.0,0.36970003130700246,0.00027572394978997097,0.0005417273576801172,0.6294825173855284
223.0,0.3713206625602475,0.0002841475918271349,0.0005565857332956687,0.6278386041146307
224.0,0.37293352575507105,0.00029297062141190347,0.0005721456693920969,0.6262013579541259
225.0,0.37453848272360213,0.00030221313795814124,0.0005884409971662094,0.6245708631412745
226.0,0.3761353875035325,0.0003118963839643493,0.0006055074674737507,0.6229472086450304
227.0,0.3777240858928652,0.00032204281157624027,0.000623382860827989,0.6213304884347316
228.0,0.37930441497861644,0.00033267615311113126,0.0006421071040550562,0.6197208017642184
229.0,0.3808762026379385,0.00034382149576266694,0.0006617223939849971,0.6181182534723149
230.0,0.3824392670100518,0.0003555053607136932,0.0006822733285763913,0.6165229543006591
231.0,0.38399341593728875,0.0003677557868943152,0.0007038070458916798,0.6149350212299262
232.0,0.38553844637346607,0.0003806024196311905,0.0007263733713598655,0.6133545778355438
233.0,0.3870741437577136,0.00039407660444281095,0.0007500249737829506,0.6117817546640616
234.0,0.3886002813517954,0.0004082114862437757,0.0007748175305621729,0.6102166896313996
235.0,0.39011661953886684,0.00042304211422868103,0.0008008099026396564,0.6086595284442659
236.0,0.39162290508151554,0.00043860555271306293,0.0008280643196702799,0.6071104250461021
237.0,0.3931188703368404,0.00045494099821459755,0.00085664657595716,0.6055695420889888
238.0,0.39460423242622517,0.0004720899030622279,0.0008866262377018495,0.6040370514330118
239.0,0.39607869235737,0.0004900961058237443,0.0009180768621368496,0.6025131346746704
240.0,0.39754193409604943,0.0005090059688432479,0.0009510762291229087,0.6009979837059853
241.0,0.39899362358497514,0.0005288685231784719,0.0009857065858064013,0.599491801306041
242.0,0.4004334077070547,0.0005497356212236619,0.0010220549049423041,0.5979948017667803
243.0,0.4018609131902562,0.0005716620972961007,0.0010602131574953023,0.5965072115549533
244.0,0.4032757454512147,0.0005947059364528044,0.0011002786001346658,0.5950292700121987
245.0,0.4046774873746518,0.0006189284517877304,0.0011423540782369253,0.5935612300953245
246.0,0.40606569802562686,0.0006443944704382548,0.0011865483450031074,0.5921033591589326
247.0,0.40743991129160095,0.0006711725285018213,0.0012329763972833197,0.5906559397826148
248.0,0.40879963445127393,0.0006993350750285443,0.0012817598286795759,0.5892192706450188
249.0,0.4101443466671573,0.000728958685212058,0.001333027200466565,0.5877936674471649
250.0,0.4114734973988727,0.0007601242828477967,0.0013869144308280253,0.5863794638874523
251.0,0.41278650473422357,0.000792917372063761,0.0014435652028517213,0.5849770126908618
252.0,0.41408275363518393,0.0008274282782521323,0.0015031313916567754,0.583586686694908
253.0,0.41536159409608164,0.0008637523980390847,0.0015657735109410069,0.5822088799949391
254.0,0.4166223392114429,0.0009019904580229137,0.0016316611791305096,0.5808440091514044
255.0,0.4178642631512053,0.0009422487818850119,0.0017009736051861368,0.5794925144617243
256.0,0.41908659904131745,0.0009846395653319425,0.0017739000939687407,0.5781548612993826
257.0,0.4202885367481276,0.001029281158157333,0.001850640570883478,0.5768315415228323
258.0,0.42146922056543457,0.0010762983525167314,0.0019314061253093897,0.57552307495674
259.0,0.4226277468036456,0.0011258226762839083,0.002016419572069569,0.5742300109480016
260.0,0.4237631612811682,0.0011779926901000742,0.002105916029904903,0.5729529299988276
261.0,0.4248744567189715,0.001232954286434597,0.0022001435155755028,0.5716924454790192
262.0,0.4259605700402077,0.001290860988643328,0.002299363551823017,0.5704492054193268
263.0,0.42702037957789507,0.001351874247634624,0.002403851786978041,0.5692238943874931
264.0,0.4280527021949594,0.0014161637333294892,0.00251389862348336,0.5680172354482286
265.0,0.429056290322424,0.001483907617626713,0.0026298098520188976,0.5668299922079312
266.0,0.4300298289232557,0.001555292845052154,0.0027519072872507094,0.5656629709444422
267.0,0.43097193239133597,0.0016305153866791448,0.002880529400476477,0.5645170228215092
268.0,0.4318811413972608,0.0017097804722502295,0.0030160319435958045,0.5633930461868939
269.0,0.4327559196952033,0.001793302794705231,0.0031587885578870482,0.5622919889522052
270.0,0.4335946509079244,0.0018813066805235795,0.003309191360015224,0.5612148510515376
271.0,0.4343956353102221,0.0019740262184171652,0.0034676514965197264,0.5601626869748417
272.0,0.43515708663468633,0.0020717053379619263,0.003634599656728409,0.5591366083706241
273.0,0.4358771289276094,0.0021745978287313833,0.0038104865326090503,0.558137786711051
274.0,0.4365537934873067,0.0022829672893945165,0.003995783212494285,0.5571674560108053
275.0,0.4371850159219581,0.002397086995066915,0.004190981493897235,0.5562269155890787
276.0,0.437768633369394,0.002517239669963844,0.004396594098769691,0.5553175328618734
277.0,0.4383023819270459,0.0026437171511058013,0.004613154772542989,0.5544407461493062
278.0,0.4387838943465473,0.0027768199274842194,0.004841218246137009,0.5535980674798323
279.0,0.43921069805421475,0.00291685653772486,0.005081360037832995,0.5527910853702283
280.0,0.4395802135658339,0.0030641428079122963,0.0053341760694939925,0.5520214675567606
281.0,0.43988975337178815,0.003219000909890355,0.00560028206910235,0.5512909636492199
282.0,0.44013652137655007,0.0033817582190675726,0.005880312728994116,0.550601407675389
283.0,0.4403176129848273,0.003552745949579209,0.006174920586541875,0.5499547204790524
284.0,0.44043001593511877,0.00373229754364323,0.006484774591417855,0.5493529119298208
285.0,0.4404706119899597,0.003920746791162533,0.006810558321017774,0.5487980828978607
286.0,0.44043617960054765,0.00411842565514647,0.007152967803216904,0.5482924269410896
287.0,0.4403233976715445,0.0043256617784405045,0.007512708903453033,0.5478382316465626
288.0,0.44012885055938267,0.0045427756476650845,0.007890494231294119,0.5474378795616588
289.0,0.43984903444407925,0.004770077391287598,0.008287039520278167,0.5470938486443556
290.0,0.43948036522001677,0.0050078631905104455,0.008703059434056495,0.5468087121554169
291.0,0.4390191880549914,0.005256411284290516,0.009139262751897623,0.5465851379088211
292.0,0.4384617887685877,0.005515977553455698,0.009596346887607398,0.5464258867903499
293.0,0.4378044071801062,0.0057867906737027654,0.010074991698102262,0.5463338104480895
294.0,0.4370432525722802,0.006069046833398877,0.010575852541466365,0.5463118480528553
295.0,0.4361745214092606,0.006362904019711101,0.01109955254957439,0.5463630220214546
296.0,0.435194417435186,0.006668475885786522,0.011646674087526229,0.546490432591502
297.0,0.4340991742624313,0.006985825222607745,0.012217749381475882,0.5466972511334858
298.0,0.43288508053569147,0.007314957071828358,0.012813250308198127,0.5469867120842827
299.0,0.4315485077287893,0.007655811530374583,0.013433577354157079,0.5473621033866798
300.0,0.4300859405949473,0.008008256313843484,0.014079047769122055,0.5478267553220879
301.0,0.42849401024779116,0.008372079163614701,0.014749882959667752,0.5483840276289271
302.0,0.42676952979926436,0.00874698020190356,0.015446195191275167,0.5490372948075577
303.0,0.4249095324218583,0.009132564359385429,0.01616797369419813,0.5497899295245589
304.0,0.4229113116362732,0.00952833402105051,0.01691507029763801,0.550645284045039
305.0,0.4207724635523385,0.009933682056997364,0.017687184748787676,0.5516066696418772
306.0,0.4184909307116205,0.01034788542518392,0.018483849907503323,0.552677333955693
307.0,0.4160650470959464,0.010770099551815508,0.01930441704307802,0.5538604363091608
308.0,0.41349358377887147,0.011199353711006044,0.02014804149594561,0.5551590210141776
309.0,0.4107757946091978,0.011634547637421864,0.021013669003027414,0.5565759887503536
310.0,0.4079114612298019,0.01207444961253797,0.021900023019503882,0.558114066138157
311.0,0.40490093665451576,0.012517696265590909,0.02280559340048104,0.559775773679413
312.0,0.40174518655429586,0.012962794323009109,0.023728626831562693,0.5615633922911331
313.0,0.39844582734540773,0.013408124523848403,0.02466711941581621,0.5634789287149283
314.0,0.39500516013100523,0.013851947892557543,0.02561881183402844,0.5655240801424095
315.0,0.3914261995274488,0.014292414523539637,0.026581187493484797,0.5677001984555275
316.0,0.38771269641190703,0.014727574984153204,0.02755147406587382,0.5700082545380667
317.0,0.38386915366165403,0.015155394384204648,0.028526648785659914,0.5724488031684821
318.0,0.3799008340206941,0.01557376909140478,0.029503447835090846,0.575021949052811
319.0,0.3758137593275646,0.01598054599513266,0.0304783800801427,0.5777273145971608
320.0,0.37161470046975514,0.016373544137292403,0.03144774534304048,0.5805640100499128
321.0,0.36731115759400124,0.016750578441856852,0.03240765730219562,0.583530606661947
322.0,0.3629113302949899,0.017109485187266873,0.03335407100101867,0.5866251135167253
323.0,0.35842407772325335,0.017448148782083537,0.034282814825572584,0.5898449586690913
324.0,0.353858868790083,0.017764529328366772,0.03518962668083848,0.5931869752007125
325.0,0.3492257228955052,0.018056690393453357,0.036070193960745414,0.5966473927502968
326.0,0.34453514185585843,0.018322826363218192,0.0369201967730812,0.6002218350078429
327.0,0.33979803395060787,0.018561288722141252,0.037735353752496315,0.6039053235747552
328.0,0.3350256312337167,0.018770610600425397,0.038511469678854784,0.6076922884870037
329.0,0.33022940145338825,0.018949528947856568,0.03924448401994647,0.6115765855788093
330.0,0.3254209560863374,0.019097003738682967,0.039930519442440915,0.6155515207325393
331.0,0.320611956111367,0.019212233680774692,0.04056592928758016,0.6196098809202788
332.0,0.31581401721621716,0.019294667993579477,0.04114734299205538,0.6237439717981487
333.0,0.31103861614799644,0.019344013929459863,0.041671708452017335,0.6279456614705271
334.0,0.3062969998800711,0.01936023983727577,0.0421363303799049,0.632206429902749
335.0,0.301600099178768,0.019343573700070622,0.042538903788742935,0.6365174233324192
336.0,0.29695844801579085,0.019294497214388848,0.042877541854096285,0.6408695129157248
337.0,0.29238211009325304,0.01921373561089653,0.04315079754575015,0.6452533567501011
338.0,0.2878806135358825,0.019102243538633035,0.04335767858386318,0.6496594643416221
339.0,0.28346289456873336,0.01896118744304483,0.04349765545122958,0.6540782625369931
340.0,0.2791372507488145,0.018791924956541774,0.04357066237717026,0.6585001619174743
341.0,0.27491130406567815,0.018595981886458415,0.04357709139200696,0.6629156226558574
342.0,0.27079197397896837,0.018375027427124407,0.04351777972681622,0.6673152188670919
343.0,0.2667854602289939,0.018130848239758423,0.04339399099457174,0.6716897005366768
344.0,0.26289723504694873,0.017865322036933393,0.04320739073016512,0.6760300521859536
345.0,0.2591320442101831,0.01758039127943109,0.04296001698365773,0.680327547526729
346.0,0.2554939162388506,0.0172780375453834,0.042654246750349886,0.684573799465417
347.0,0.2519861789154225,0.016960257068355005,0.04229275908120233,0.688760804935021
348.0,0.24861148222835203,0.01662903786653518,0.041878495747584114,0.6928809841575295
349.0,0.2453718267944481,0.016286338803680998,0.04141462033635028,0.6969272140655215
350.0,0.24226859679886825,0.015934070837967,0.04090447662711593,0.7008928557360496
351.0,0.23930259650367539,0.015574080631179963,0.04035154705645436,0.7047717758086911
352.0,0.23647408941158382,0.015208136610975635,0.0397594120074301,0.7085583619700112
353.0,0.23378283922642223,0.01483791750579601,0.039131710581605604,0.7122475326861769
354.0,0.23122815182145895,0.014465003307471141,0.038472103418799156,0.7158347414522716
355.0,0.2288089175066828,0.014090868561768754,0.037784238031703304,0.719315975899846
356.0,0.22652365297234278,0.01371687784284687,0.03707171702200295,0.7226877521628082
357.0,0.2243705423748899,0.013344283233787295,0.03633806944544063,0.725947104945883
358.0,0.22234747711983366,0.01297422361175013,0.03558672549841492,0.7290915737700021
359.0,0.22045209398137766,0.012607725522032777,0.0348209946106291,0.7321191858859613
360.0,0.21868181127905967,0.012245705419419625,0.0340440469488862,0.7350284363526353
361.0,0.21703386290555202,0.011888973056483627,0.03325889826761582,0.7378182657703493
362.0,0.21550533006633132,0.011538235805684903,0.0324683979828276,0.7404880361451569
363.0,0.21409317065058678,0.011194103713938051,0.031675220298138296,0.7430375053373376
364.0,0.21279424620334847,0.01085709510357914,0.03088185817411872,0.7454668005189544
365.0,0.21160534651152094,0.010527642551245294,0.030090619904924405,0.7477763910323101
366.0,0.210523211851663,0.010206099095103003,0.029303628048225117,0.7499670610050095
367.0,0.2095445529754922,0.009892744540288776,0.028522820444870572,0.7520398820393491
368.0,0.20866606893084,0.009587791751670648,0.027749953062452308,0.7539961862550377
369.0,0.207884462831841,0.009291392841560615,0.026986604400826272,0.7558375399257727
370.0,0.2071964557032201,0.009003645177402745,0.026234181206631572,0.7575657179127462
371.0,0.20659879853035673,0.008724597150448786,0.02549392525680569,0.7591826790623893
372.0,0.2060882826500363,0.008454253660838929,0.02476692098705554,0.7606905427020698
373.0,0.2056617486170772,0.008192581287245485,0.024054103759291408,0.7620915663363864
374.0,0.20531609367993023,0.00793951312030004,0.023356268581367415,0.7633881246184028
375.0,0.2050482779943962,0.00769495324845441,0.02267407911241075,0.7645826896447391
376.0,0.20485532969925735,0.0074587808928086915,0.022008076806987173,0.7656778126009472
377.0,0.20473434897125323,0.007230854193890698,0.02135869007087573,0.7666761067639808
378.0,0.2046825111697857,0.007011013658523156,0.020726243319945638,0.767580231851746
379.0,0.2046970691742857,0.006799085278910177,0.0201109658512685,0.768392879695536
380.0,0.2047753550095395,0.0065948833390569285,0.019513000451967043,0.769116761199437
381.0,0.20491478084663528,0.006398212925746962,0.018932411686274252,0.7697545945413439
382.0,0.20511283945969275,0.006208872162674046,0.018369193814790827,0.7703090945628427
383.0,0.20536710421128396,0.006026654187083578,0.0178232783119687,0.7707829632896641
384.0,0.2056752286325226,0.005851348888535268,0.017294540958438194,0.7711788815205043
385.0,0.20603494565724434,0.0056827444292541825,0.016782808493989314,0.7714995014195125
386.0,0.20644406656355643,0.0055206285650795306,0.016287864824889538,0.7717474400464749
387.0,0.20690047967032096,0.005364789785325796,0.015809456785862354,0.7719252737584913
388.0,0.2074021488308561,0.005215018289003742,0.015347299462563446,0.7720355334175771
389.0,0.2079471117612913,0.0050711068138636125,0.014901081084880379,0.7720807003399651
390.0,0.2085334782365845,0.004932851333664352,0.014470467504954164,0.7720632029247974
391.0,0.20915942818318245,0.004800051637977077,0.01405510627658221,0.7719854139022586
392.0,0.20982320969366391,0.0046725118077273285,0.01365463035471332,0.7718496481438958
393.0,0.2105231369854206,0.004550040598591251,0.01326866143518227,0.7716581609808062
394.0,0.21125758832248334,0.004432451743302969,0.01289681295574324,0.7714131469784707
395.0,0.21202500391696275,0.004319564182916411,0.01253869277992983,0.7711167391201913
396.0,0.21282388382422154,0.004211202236103598,0.012193905585368552,0.7707710083543066
397.0,0.21365278584380495,0.004107195714668425,0.011862054977969326,0.7703779634635576
398.0,0.21451032343630247,0.004007379992613496,0.011542745352969315,0.769939551218115
399.0,0.2153951636646778,0.0039115960353188,0.011235583523167473,0.7694576567768362
400.0,0.21630602516716171,0.003819690394674611,0.01094018013390121,0.7689341043042628
401.0,0.21724167616753629,0.003731515175355485,0.010656150883422545,0.7683706577736861
402.0,0.21820093252753078,0.0036469279768253453,0.010383117566361852,0.7677690219292824
403.0,0.21918265584508145,0.0035657918151224873,0.010120708956950622,0.7671308433828459
404.0,0.2201857516013659,0.0034879750279845916,0.009868561547633705,0.7664577118230163
405.0,0.22120916735879287,0.0034133511664340794,0.009626320157655178,0.7657511613171183
406.0,0.22225189101149848,0.0033417988755497156,0.009393638425165704,0.7650126716877865
407.0,0.2233129490893566,0.0032732017667977224,0.009170179195385148,0.7642436699484609
408.0,0.2243914051160479,0.003207448283981276,0.008955614816371766,0.7634455317835994
409.0,0.2254863580213357,0.003144431564587725,0.008749627353005643,0.7626195830610712
410.0,0.22659694060736146,0.0030840492980649926,0.008551908728894296,0.7617671013656796
411.0,0.22772231806849072,0.0030262035823393338,0.008362160805056062,0.7608893175441143
412.0,0.22886168656400463,0.0029708007796931247,0.008180095403434097,0.7599874172528686
413.0,0.23001427184273662,0.002917751372951,0.008005434282541574,0.7590625425017712
414.0,0.23117932791859452,0.0028669698227730207,0.007837909071836957,0.7581157931867959
415.0,0.2323561357957796,0.0028183744267224592,0.007677261170776572,0.7571482286067217
416.0,0.23354400224241154,0.002771887180661172,0.007523241617888615,0.756160868959039
417.0,0.2347422586111899,0.002727433642925601,0.007375610934656859,0.7551546968112279
418.0,0.23595025970566355,0.002684942801649515,0.00723413894849141,0.7541306585441958
419.0,0.23716738269063745,0.002644346945524223,0.007098604598595913,0.7530896657652427
420.0,0.23839302604522,0.0026055815382217597,0.00696879572811315,0.7520325966884454
421.0,0.23962660855699872,0.0025685850966503457,0.006844508865541655,0.7509602974808095
422.0,0.24086756835582893,0.002533299073163077,0.006725548998062262,0.749873583572946
423.0,0.24211536198572514,0.0024996677417994644,0.006611729339093075,0.7487732409333826
424.0,0.24336946351335753,0.002467638088604168,0.006502871092101625,0.747660027305937
425.0,0.24462936367167507,0.002437159706037352,0.006398803212441835,0.746534673409846
426.0,0.24589456903720114,0.002408184691465841,0.006299362168748435,0.7453978841025849
427.0,0.24716460123957604,0.002380667549703089,0.006204391705210642,0.7442503395055106
428.0,0.24843899620195248,0.0023545650995483287,0.006113742605858098,0.7430926960926414
429.0,0.2497173034108854,0.002329836384260747,0.006027272461823478,0.7419255877430306
430.0,0.25099908521439357,0.0023064425858926358,0.005944845442395881,0.7407496267573181
431.0,0.25228391614690876,0.0022843469433959157,0.005866332070545572,0.73956540483915
432.0,0.25357138227986886,0.0022635146744088477,0.005791609003482191,0.7383734940422404
433.0,0.2548610805967494,0.0022439129006238782,0.005720558818703813,0.7371744476839232
434.0,0.25615261839137077,0.002225510576633154,0.005653069805901849,0.7359688012260944
435.0,0.25744561268835764,0.0022082784221450864,0.005589035765005521,0.7347570731244919
436.0,0.2587396896846683,0.0021921888574632283,0.005528355810578407,0.7335397656472902
437.0,0.26003448421115233,0.0021772159421175113,0.005470934182717278,0.732317365664013
438.0,0.2613296392131341,0.0021633353165374084,0.005416680064549199,0.7310903454057793
439.0,0.2626248052490605,0.002150524146656728,0.005365507406375805,0.729859163197907
440.0,0.2639196400062884,0.002138761071340369,0.005317334756472986,0.7286242641658982
441.0,0.2652138078331273,0.0021280261525244196,0.005272085098519215,0.727386080915829
442.0,0.2665069792862883,0.002118300827962337,0.005229685695595774,0.7261450341901535
443.0,0.2677988306929287,0.0021095678664715357,0.005190067940676653,0.724901533499923
444.0,0.2690890437265166,0.0021018113255765105,0.005153167213504259,0.7236559777344026
445.0,0.2703773049957745,0.0020950165114465053,0.005118922743728975,0.72240875574905
446.0,0.2716633056459969,0.002089169941027719,0.005087277480175463,0.7211602469327999
447.0,0.2729467409720681,0.0020842593062720305,0.0050581779660861,0.7199108217555737
448.0,0.27422731004254186,0.0020802734403662228,0.005031574220181745,0.7186608422969102
449.0,0.27550471533417376,0.0020772022858676184,0.005007419623371792,0.7174106627565868
450.0,0.27677866237633186,0.0020750368646539185,0.004985670810938895,0.7161606299480753
451.0,0.2780488594047396,0.002073769249596797,0.0049662875700186605,0.7149110837756448
452.0,0.27931501702403655,0.0020733925378704572,0.004949232742190679,0.7136623576959022
453.0,0.2805768478786721,0.002073900825807863,0.004934472130994396,0.7124147791645256
454.0,0.28183406633167746,0.0020752891852186877,0.004921974414181233,0.7111686700689226
455.0,0.2830863881508895,0.002077553641084212,0.004911711060512984,0.7099243471475133
456.0,0.28433353020223,0.002080691150545365,0.004903656250915637,0.7086821223963089
457.0,0.2855752101496719,0.002084699583100878,0.004897786803797239,0.7074423034634298
458.0,0.2868111461615532,0.0020895777019330816,0.0048940821043382595,0.7062051940321754
459.0,0.28804105662292806,0.00209532514627921,0.0048925240375628,0.7049710941932299
460.0,0.2892646598536737,0.0021019424147661696,0.004893096924999049,0.703740300806561
461.0,0.29048167383209944,0.002109430849626581,0.004895787464737376,0.7025131078535366
462.0,0.29169181592383475,0.0021177926217135147,0.004900584674694376,0.7012898067797574
463.0,0.2928948026158029,0.002127030716230662,0.004907479838890962,0.7000706868290755
464.0,0.2940903492551158,0.0021371489190937765,0.00491646645655212,0.6988560353692383
465.0,0.2952781697927565,0.002148151803838016,0.004927540193835261,0.6976461382095702
466.0,0.2964579765319485,0.002160044718984328,0.004940698837993026,0.6964412799110742
467.0,0.29762947988114064,0.002172833775776285,0.004955942253775019,0.6952417440893082
468.0,0.29879238811157127,0.0021865258361967116,0.0049732723418711225,0.694047813710361
469.0,0.29994640711940823,0.0022011285011711177,0.004992692999196806,0.6928597713802239
470.0,0.30109124019249567,0.002216650098862326,0.0050142100808181,0.691677899627824
471.0,0.30222658778177586,0.002233099672957759,0.0050378313633107075,0.6905024811819558
472.0,0.30335214727748994,0.0022504869708476396,0.0050635665093439535,0.6893337992423185
473.0,0.30446761279030143,0.00226882243158885,0.005091427033276009,0.6881721377448338
474.0,0.3055726749375248,0.002288117173545407,0.005121426267541927,0.6870177816213879
475.0,0.3066670206346846,0.002308382981592429,0.005153579329610647,0.6858710170541125
476.0,0.30775033289267173,0.002329632293766122,0.005187903089281052,0.6847321317242813
477.0,0.3088222906208102,0.0023518781872376797,0.005224416136080588,0.6836014150558717
478.0,0.309882568436192,0.002375134363484137,0.005263138746522722,0.6824791584538012
479.0,0.3109308364796884,0.0023994151325240787,0.005304092850971721,0.6813656555368159
480.0,0.3119667602390934,0.002424735396080785,0.005347301999854846,0.680261202364971
481.0,0.31299000037991015,0.0024511106295298487,0.005392791328953085,0.679166097661607
482.0,0.3140002125843419,0.002478556862482599,0.00544058752349204,0.6780806430296835
483.0,0.314997047399108,0.0025070906578508103,0.005490718780744533,0.6770051431622967
484.0,0.3159801500927613,0.0025367290892322255,0.005543214770845957,0.6759399060471605
485.0,0.31694916052324396,0.0025674897164504108,0.005598106595512386,0.6748852431647931
486.0,0.31790371301648046,0.002599390559076423,0.005655426744340066,0.673841469680103
487.0,0.31884343625687,0.0026324500677537923,0.0057152090483531415,0.6728089046270229
488.0,0.31976795319060597,0.002666687093142439,0.005777488630454446,0.671787871085797
489.0,0.3206768809428169,0.0027021208522914463,0.005842301852421944,0.6707786963524696
490.0,0.321569830749592,0.002738770892245156,0.005909686258081074,0.6697817121000815
491.0,0.32244640790602414,0.0027766570506819652,0.005979680512270921,0.6687972545310228
492.0,0.323306211731473,0.002815799413380544,0.006052324335209927,0.6678256645199364
493.0,0.3241488355533244,0.0028562182683040953,0.006127658431854907,0.6668672877465165
494.0,0.32497386671059175,0.0028979340560898585,0.006205724415835628,0.6659224748174827
495.0,0.32578088657877863,0.002940967316728452,0.006286564727536266,0.6649915813769566
496.0,0.32656947061749336,0.002985338632215986,0.006370222545884943,0.6640749682044056
497.0,0.3273391884423757,0.0030310685649613278,0.006456741693403403,0.6631730012992595
498.0,0.3280896039229666,0.0030781775917316546,0.006546166534061007,0.6622860519512407
499.0,0.3288202753082179,0.0031266860329215982,0.006638541863470868,0.6614144967953896
500.0,0.32953075538140364,0.0031766139769351704,0.00673391279096132,0.6605587178506998
501.0,0.3302205916462548,0.003227981199475367,0.006832324613053475,0.6597191025412162
502.0,0.3308893265461959,0.0032808070775441583,0.006933822677875542,0.6588960436983843
503.0,0.33153649771861204,0.0033351104979657035,0.007038452240047329,0.6580899395433748
504.0,0.3321616382861193,0.003390909760258317,0.007146258305574273,0.6573011936480481
505.0,0.33276427718684737,0.0034482224736961968,0.007257285466299876,0.6565302148731564
506.0,0.33334393954577235,0.003507065448420493,0.0073715777234789346,0.6557774172823281
507.0,0.3339001470891519,0.003567454580481182,0.007489178300052011,0.6550432200303148
508.0,0.33443241860412426,0.0036294047307166835,0.007610129441224562,0.6543280472239343
509.0,0.3349402704455222,0.003692929597407496,0.0077344722029826,0.6536323277540875
510.0,0.3354232170919327,0.0037580415826735727,0.007862246228211175,0.6529564950971825
511.0,0.335880771752993,0.0038247516526229573,0.007993489510122897,0.652300987084261
512.0,0.33631244702985974,0.0038930691913016107,0.008128238142751628,0.6516662456360869
513.0,0.33671775563070727,0.003963001848541568,0.008266526058321988,0.651052716462429
514.0,0.3370962111430183,0.0040345553818567715,0.008408384751368842,0.650460848723756
515.0,0.33744732886430395,0.004107733492593293,0.008553842989553088,0.6498910946535496
516.0,0.337770626692747,0.00418253765660328,0.008702926511201223,0.6493439091394484
517.0,0.3380656260790861,0.0042589669497799226,0.00885565770968686,0.648819749261447
518.0,0.33833185304085694,0.00433701786886404,0.009012055304872877,0.6483190737854061
519.0,0.3385688392398739,0.004416684148011414,0.00917213400194372,0.6478423426101709
520.0,0.3387761231235689,0.004497956571693729,0.009335904138078593,0.6473900161666587
521.0,0.3389532511305075,0.004580822784594547,0.00950337131754816,0.6469625547673498
522.0,0.3390997789600676,0.004665267099254913,0.00967453603596,0.6465604179047175
523.0,0.3392152729058982,0.004751270302320471,0.009849393294531253,0.6461840634972501
524.0,0.33929931125237034,0.004838809460342845,0.010027932205430516,0.6458339470818563
525.0,0.3393514857327904,0.004927857726191791,0.010210135589404703,0.6455105209516131
526.0,0.3393714030476683,0.005018384147240412,0.010395979567089694,0.6452142332380016
527.0,0.3393586864408189,0.0051103534765926445,0.01058543314559539,0.644945526936993
528.0,0.33931297733052534,0.005203725988729072,0.01077845780215526,0.6447048388785903
529.0,0.33923393699241056,0.005298457301052648,0.010975007066836481,0.6444925986397003
530.0,0.3391212482900499,0.005394498202918725,0.011175026106517607,0.6443092274005138
531.0,0.3389746174487153,0.005491794493832199,0.011378451312554886,0.6441551367448977
532.0,0.33879377586697407,0.005590286832586954,0.011585209894773584,0.6440307274056655
533.0,0.33857848196017826,0.005689910599207182,0.011795219484634767,0.6439363879559798
534.0,0.3383285230291783,0.005790595771624531,0.012008387750638247,0.643872493448559
535.0,0.3380437171468802,0.005892266819087361,0.012224612029225923,0.6438394040048067
536.0,0.3377239150545521,0.005994842614346371,0.012443778974643303,0.6438374633564583
537.0,0.337369002059075,0.006098236366692237,0.012665764231397076,0.6438669973428358
538.0,0.3369788999216329,0.006202355577933448,0.012890432133109602,0.6439283123673242
539.0,0.3365535687276643,0.0063071020233938764,0.013117635431712977,0.644021693817229
540.0,0.33609300872725084,0.006412371759977626,0.013347215061041993,0.6441474044517297
541.0,0.33559726213451635,0.006518055163291189,0.013578999938972417,0.6443056827632202
542.0,0.33506641487406164,0.006624036995728022,0.013812806812304415,0.6444967413179061
543.0,0.3345005982619721,0.006730196507306592,0.014048440148606258,0.6447207650821153
544.0,0.3338999906085267,0.006836407570908255,0.014285692079206403,0.6449779097413588
545.0,0.3332648187294117,0.006942538853385047,0.014524342397448736,0.6452683000197547
546.0,0.33259535935201723,0.007048454023798748,0.014764158616202278,0.6455920280079819
547.0,0.3318919404032777,0.007154011999811398,0.015004896088439568,0.6459491515084715
548.0,0.33115494216552044,0.007259067232974031,0.015246298194464486,0.6463396924070413
549.0,0.3303847982869173,0.007363470033355658,0.015488096599077865,0.6467636350806494
550.0,0.32958199663340426,0.007467066933620148,0.015730011581616365,0.6472209248513594
551.0,0.3287470799693469,0.007569701092296688,0.015971752441385937,0.6477114664969706
552.0,0.3278806464547947,0.007671212735603024,0.016213017980535652,0.6482351228290668
553.0,0.32698334994788486,0.007771439636773184,0.016453497065882085,0.6487917133494601
554.0,0.3260559001018296,0.007870217631417311,0.016692869270600687,0.6493810129961526
555.0,0.3250990622469526,0.00796738116700544,0.016930805596052256,0.6500027509899899
556.0,0.3241136570494193,0.008062763884125291,0.01716696927331408,0.6506566097931417
557.0,0.3231005599396371,0.00815619922672253,0.017401016643242426,0.6513422241903983
558.0,0.3220607003047681,0.008247521078097139,0.01763259811311279,0.6520591805040225
559.0,0.32099506044139264,0.008336564419008631,0.017861359187074908,0.6528070159525242
560.0,0.3199046742660738,0.008423166003843139,0.018086941566830272,0.6535852181632532
561.0,0.3187906257833796,0.00850716505042424,0.01830898431810128,0.6543932248480954
562.0,0.31765404731281205,0.008588403938714255,0.018527125097624327,0.6552304236508498
563.0,0.31649611747803824,0.0086667289133608,0.01874100143457648,0.656096152174025
564.0,0.31531805896380444,0.008741990784801347,0.018950252059549023,0.6569896981918456
565.0,0.31412113604791386,0.008814045623452794,0.019154518273424796,0.657910300055209
566.0,0.3129066519176308,0.00888275544138905,0.01935344534781219,0.6588571472931685
567.0,0.31167594578182156,0.008947988855852067,0.019546683948050557,0.6598293814142763
568.0,0.3104303897920211,0.009009621728954245,0.01973389156924159,0.6608260969097836
569.0,0.30917138578740094,0.009067537778015092,0.01991473397529109,0.6618463424592933
570.0,0.30790036188028447,0.009121629151133698,0.020088886630575967,0.6628891223380063
571.0,0.30661876890037953,0.009171796962830757,0.020256036113592016,0.6639533980231982
572.0,0.30532807671726103,0.009217951784897932,0.020415881501796747,0.6650380899960447
573.0,0.30402977046180973,0.009260014087965448,0.02056813571684464,0.6661420797333806
574.0,0.3027253466682843,0.009297914629736361,0.020712526819523805,0.6672642118824559
575.0,0.30141630935945557,0.009331594786332421,0.02084879924394514,0.6684032966102672
576.0,0.30010416609775326,0.009361006823744843,0.020976714960907715,0.6695581121175945
577.0,0.2987904240256595,0.00938611410697553,0.02109605456086458,0.6707274073065007
578.0,0.2974765859186243,0.00940689124508152,0.02120661824753684,0.6719099045887577
579.0,0.29616414627357757,0.009423324170987787,0.02130822673396354,0.6731043028214714
580.0,0.29485458745567333,0.009435410155600942,0.021400722033621353,0.6743092803551046
581.0,0.29354937592523206,0.009443157756428183,0.021483968140190327,0.6755234981781497
582.0,0.2922499585659578,0.009446586701571502,0.021557851590566383,0.6767456031419046
583.0,0.2909577591344128,0.009445727710616292,0.02162228190681414,0.677974231248157
584.0,0.2896741748494513,0.009440622254555935,0.02167719191389837,0.6792080109820947
585.0,0.2884005731388661,0.009431322257480508,0.02172253793121275,0.6804455666724409
586.0,0.2871382885589089,0.009417889743299697,0.021758299837123126,0.6816855218606686
587.0,0.2858886199006334,0.009400396431259788,0.021784481006941653,0.6829265026611654
588.0,0.28465282749520193,0.009378923284446011,0.021801108125930845,0.6841671410944214
589.0,0.2834321307284204,0.009353560015828988,0.021808230880085648,0.6854060783756653
590.0,0.282227705772848,0.009324404556714225,0.021805921528541338,0.6866419681418967
591.0,0.2810406835438912,0.009291562492683569,0.021794274362490568,0.6878734796009349
592.0,0.279872147884365,0.0092551464722767,0.021773405056450583,0.689099300586908
593.0,0.27872313398010784,0.009215275593748842,0.021743449918590178,0.6903181405075535
594.0,0.27759462700739695,0.009172074775260034,0.02170456504759507,0.6915287331697483
595.0,0.27648756101114086,0.009125674113803673,0.021656925404212424,0.6927298394708434
596.0,0.27540281801115424,0.009076208238071962,0.021600723806164453,0.6939202499446098
597.0,0.27434122733225114,0.009023815660287695,0.02153616985555328,0.6950987871519083
598.0,0.2733035651524478,0.008968638131811287,0.021463488808193595,0.6962643079075478
599.0,0.2722905542622518,0.00891082000706499,0.021382920394505813,0.6974157053361779
600.0,0.2713028640268392,0.00885050762000971,0.021294717601683243,0.6985519107514684
601.0,0.2703411105418907,0.008787848677070236,0.02119914542681615,0.6996718953542234
602.0,0.26940585697297575,0.008722991670039327,0.021096479610519317,0.700774671746466
603.0,0.2684976140676362,0.008656085312106753,0.020987005360374726,0.7018592952598827
604.0,0.26761684082873527,0.008587277999762733,0.02087101607317603,0.7029248650983263
605.0,0.2667639453371877,0.008516717302923024,0.020748812064555224,0.7039705252953343
606.0,0.2659392857118813,0.008444549485220902,0.02062069931409494,0.7049954654888031
607.0,0.2651431711944172,0.00837091905601539,0.02048698823349212,0.7059989215160755
608.0,0.26437586334624374,0.008295968355279935,0.020347992464751337,0.7069801758337252
609.0,0.2636375773458115,0.00821983717216626,0.0202040277147596,0.7079385577672629
610.0,0.26292848337354024,0.008142662397687546,0.02005541063193942,0.708873443596833
611.0,0.26224870807263945,0.008064577711637037,0.01990245773000378,0.70978425648572
612.0,0.26159833607416,0.007985713303554763,0.019745484363155087,0.7106704662591303
613.0,0.2609774115750628,0.007906195627278432,0.019584803756389182,0.7115315890412698
614.0,0.2603859399585568,0.007826147188365721,0.019420726093893767,0.712367186759184
615.0,0.25982388944647883,0.007745686363455062,0.01925355766787545,0.7131768665221909
616.0,0.2592911927740471,0.007664927250440605,0.019083600089517903,0.7139602798859946
617.0,0.25878774887791095,0.007583979548174157,0.018911149563171088,0.714717122010744
618.0,0.2583134245890316,0.007502948464271823,0.018736496224303036,0.7154471307223937
619.0,0.25786805632255705,0.007421934649494756,0.018559923541215162,0.7161500854867333
620.0,0.25745145175748574,0.007341034157090558,0.018381707780032737,0.7168258063053912
621.0,0.25706339149954804,0.0072603384254228635,0.018202117532035912,0.7174741525429934
622.0,0.25670363072135827,0.007179934282179805,0.018021413301995172,0.718095021694467
623.0,0.25637190077450667,0.007099903968435429,0.017839847155818853,0.7186883481012394
624.0,0.25606791076885593,0.007020325180839865,0.017657662425509358,0.7192541016247952
625.0,0.25579134911488516,0.006941271130232102,0.0174750934691582,0.7197922862857249
626.0,0.25554188502547603,0.006862810615001634,0.017292365483487053,0.7203029388760356
627.0,0.25531916997406445,0.006785008107570006,0.01710969436626072,0.7207861275521051
628.0,0.25512283910657724,0.006707923852418611,0.016927286625756433,0.7212419504152481
629.0,0.2549525126050438,0.006631613974153107,0.01674533933436986,0.7216705340864336
630.0,0.25480779700121,0.006556130594165821,0.016564040123369116,0.7220720322812554
631.0,0.2546882864388872,0.006481521954533924,0.016383567215770965,0.7224466243908082
632.0,0.25459356388414706,0.006407832547871564,0.016204089494305903,0.7227945140736758
633.0,0.2545232022828137,0.006335103251937147,0.01602576660145747,0.723115927863792
634.0,0.2544767656650213,0.006263371467881386,0.015848749068603587,0.723411113798494
635.0,0.25445381019688706,0.006192671261106549,0.0156731784713506,0.7236803400706561
636.0,0.25445388517960543,0.00612303350379161,0.015499187608231768,0.7239238937083715
637.0,0.2544765339964964,0.006054486018220852,0.01532690070003789,0.7241420792852452
638.0,0.25452129500874177,0.005987053720134345,0.015156433607156624,0.7243352176639676
639.0,0.25458770240071893,0.005920758761396944,0.01498789406241599,0.7245036447754685
640.0,0.2546752869759951,0.005855620671357581,0.01482138191705452,0.7246477104355931
641.0,0.2547835769051744,0.00579165649634239,0.014656989397573391,0.7247677772009101
642.0,0.2549120984269006,0.005728880936793152,0.014494801371362767,0.7248642192649438
643.0,0.2550603765034102,0.005667306481626688,0.014334895619133713,0.7249374213958297
644.0,0.25522793543210237,0.005606943539450861,0.014177343112326992,0.7249877779161201
645.0,0.2554142994146523,0.005547800566328837,0.014022208293809272,0.7250156917252099
646.0,0.2556189930852352,0.005489884189835101,0.013869549360304842,0.7250215733646251
647.0,0.2558415419994601,0.005433199329194553,0.013719418545145495,0.7250058401262002
648.0,0.2560814730856295,0.005377749311339812,0.013571862400052226,0.7249689152029788
649.0,0.25633831505994986,0.005323535982761798,0.01342692207478883,0.7249112268824999
650.0,0.25661159880731377,0.005270559817064893,0.013284633593649004,0.7248332077819727
651.0,0.25690085772926696,0.00521882001817058,0.013145028127854468,0.7247352941247084
652.0,0.2572056280607546,0.005168314619142694,0.013008132263051796,0.7246179250570514
653.0,0.2575254491572177,0.00511904057663342,0.012873968261199584,0.7244815420049497
654.0,0.2578598637535819,0.005070993860972113,0.012742554316235421,0.724326588069211
655.0,0.25820841819664636,0.005024169541939165,0.012613904803003484,0.7241535074584114
656.0,0.2585706626523446,0.0049785618702846,0.012488030519008684,0.7239627449583627
657.0,0.25894615128930615,0.004934164355066144,0.012364938918642062,0.7237547454369861
658.0,0.25933444244010795,0.004890969836894266,0.012244634339594732,0.7235299533834035
659.0,0.25973509874155565,0.004848970557182429,0.012127118221244246,0.7232888124800182
660.0,0.26014768725529225,0.00480815822350957,0.012012389314858008,0.7230317652063407
661.0,0.260571779569981,0.004768524071208983,0.011900443885513421,0.7227592524732971
662.0,0.2610069518862636,0.004730058921303282,0.011791275905684252,0.7224717132867494
663.0,0.2614527850856448,0.004692753234909309,0.011684877240487225,0.7221695844389592
664.0,0.261908864784408,0.00465659716423973,0.011581237824622692,0.7218533002267301
665.0,0.2623747813736169,0.004621580600329855,0.011480345831078334,0.7215232921949755
666.0,0.26285013004621266,0.004587693217619035,0.011382187831695801,0.7211799889044731
667.0,0.26333451081216797,0.004554924515515882,0.01128674894972706,0.7208238157225897
668.0,0.26382752850261587,0.004523263857075767,0.011194013004530372,0.7204551946357786
669.0,0.2643287927638249,0.0044927005049175475,0.011103962648575568,0.7200745440826826
670.0,0.2648379180418505,0.0044632236545044095,0.011016579496944796,0.719682278806701
671.0,0.2653545235586497,0.0044348224649111995,0.010931844249528559,0.7192788097269113
672.0,0.26587823328040744,0.004407486087197657,0.01084973680612778,0.7188645438262679
673.0,0.26640867587878153,0.004381203690503687,0.010770236374681197,0.7184398840560343
674.0,0.2669454846857379,0.004355964485979267,0.01069332157284367,0.7180052292554399
675.0,0.26748829764261156,0.004331757748657776,0.010618970523145367,0.7175609740855861
676.0,0.2680367572439931,0.004308572837377648,0.010547160941964315,0.7171075089766656
677.0,0.2685905104770101,0.00428639921285313,0.01047787022254583,0.7166452200875917
678.0,0.269149208756539,0.0042652264539907985,0.010411075512301866,0.716174489277169
679.0,0.269712507856856,0.0042450442725443,0.010346753784621696,0.7156956940859787
680.0,0.27028006784020464,0.004225842526195539,0.01028488190542251,0.715209207728178
681.0,0.27085155298273406,0.004207611230146324,0.010225436694664922,0.7147153990924554
682.0,0.2714266316982343,0.0041903405673003255,0.010168394983053745,0.7142146327514124
683.0,0.27200497646007243,0.004174020897111026,0.010113733664139299,0.713707268978678
684.0,0.2725862637217111,0.00415864276316732,0.010061429742028642,0.7131936637730937
685.0,0.27317017383616904,0.004144196899584402,0.010011460374909914,0.7126741688893373
686.0,0.2737563909747651,0.004130674236263708,0.009963802914586307,0.7121491318743856
687.0,0.27434460304546693,0.004118065903081895,0.0099184349422092,0.7116188961092427
688.0,0.2749345016111496,0.0041063632330651505,0.00987533430039283,0.7110838008553931
689.0,0.27552578180805326,0.00409555776460159,0.009834479121885512,0.7105441813054604
690.0,0.2761181422647133,0.004085641242741056,0.009795847854964936,0.7100003686375814
691.0,0.2767112850216228,0.004076605619628334,0.009759419285717576,0.709452690073032
692.0,0.27730491545187497,0.004068443054112646,0.009725172557354752,0.7089014689366584
693.0,0.27789874218302024,0.004061145910573217,0.009693087186710322,0.708347024719697
694.0,0.2784924770203623,0.004054706756997838,0.009663143078057696,0.707789673144583
695.0,0.27908583487190697,0.0040491183623485765,0.009635320534376452,0.7072297262313688
696.0,0.279678533675169,0.0040443736932461545,0.009609600266191749,0.706667492365394
697.0,0.28027029432603223,0.004040465910002023,0.009585963398102686,0.7061032763658639
698.0,0.2808608406098522,0.004037388362024828,0.009564391473108953,0.7055373795550148
699.0,0.28144989913498175,0.004035134582625707,0.009544866454838482,0.7049700998275549
700.0,0.28203719926889403,0.004033698283244827,0.009527370727772402,0.7044017317200896
701.0,0.2826224730770725,0.004033073347119565,0.009511887095557437,0.7038325664802514
702.0,0.2832054552648298,0.004033253822412968,0.009498398777489899,0.7032628921352683
703.0,0.2837858831222148,0.004034233914819424,0.009486889403249788,0.7026929935597169
704.0,0.28436349647216075,0.00403600797966291,0.009477343005958027,0.7021231525422192
705.0,0.2849380376220246,0.004038570513501793,0.009469744013624713,0.7015536478508498
706.0,0.2855092513186632,0.0040419161452528475,0.009464077239051339,0.7009847552970335
707.0,0.28607688470718884,0.004046039626845987,0.009460327868245322,0.7004167477977208
708.0,0.2866406872935427,0.004050935823420185,0.009458481447400798,0.6998498954356372
709.0,0.28720041091102366,0.004056599703070144,0.009458523868495581,0.6992844655174115
710.0,0.2877558096909046,0.0040630263261525,0.00946044135355036,0.6987207226293934
711.0,0.28830664003726775,0.004070210834159679,0.00946422043759273,0.6981589286909807
712.0,0.2888526606061869,0.004078148438169027,0.009469847950365373,0.6975993430052796
713.0,0.28939363228938225,0.004086834406874409,0.009477310996814838,0.6970422223069294
714.0,0.28992931820247064,0.004096264054207218,0.009486596936394611,0.6964878208069284
715.0,0.2904594836779324,0.004106432726553596,0.00949769336121392,0.695936390234301
716.0,0.29098389626291155,0.004117335789574639,0.009510588073061536,0.6953881798744531
717.0,0.2915023257219656,0.0041289686146365,0.009525269059332157,0.6948434366040666
718.0,0.29201454404487587,0.004141326564857529,0.009541724467881364,0.694302404922386
719.0,0.2925203254596277,0.0041544049807799716,0.009559942580834065,0.693765326978759
720.0,0.293019446450666,0.004168199165674269,0.009579911787370348,0.6932324425962901
721.0,0.2935116857825273,0.004182704370484617,0.009601620555512114,0.6927039892914767
722.0,0.2939968245289457,0.00419791577842524,0.009625057402933582,0.6921802022896962
723.0,0.2944746461075262,0.004213828489237716,0.009650210866818706,0.6916613145364181
724.0,0.29494493632007235,0.004230437503120736,0.009677069472788905,0.6911475567040187
725.0,0.2954074833986512,0.0042477377043448694,0.009705621702925058,0.6906391571940796
726.0,0.29586207805747167,0.004265723844566156,0.009735855962908683,0.6901363421350543
727.0,0.2963085135506463,0.0042843905258538335,0.009767760548308387,0.6896393353751923
728.0,0.2967465857358985,0.004303732183449044,0.009801323610039221,0.6891483584706141
729.0,0.2971760931442704,0.00432374306827305,0.009836533119024372,0.6886636306684331
730.0,0.29759683705587714,0.004344417229205315,0.009873376830090765,0.6881853688848276
