time,S,E,I,R
0.0,0.999,0.0,0.001,0.0
1.0,0.9985228560366411,0.0004051873481323977,0.0009355955918457878,0.00013636102338062978
2.0,0.9980478249783403,0.0006953612773217363,0.0009848945512592893,0.00027191919307862776
3.0,0.9975290009977245,0.0009417283326130527,0.0011094608818067039,0.0004198097878557361
4.0,0.9969337980996863,0.0011842588192957706,0.0012925853462461767,0.0005893577347717529
5.0,0.996234815868822,0.0014473534025174588,0.0015294201302049038,0.000788410598455613
6.0,0.9954053425576548,0.001747994971625951,0.0018220290152665428,0.0010246334554527183
7.0,0.9944166458396606,0.002100124918474676,0.002176934071808144,0.001306295170056479
8.0,0.9932360512802766,0.0025172003118524174,0.002603913629657451,0.001642834778213474
9.0,0.991825665194892,0.0030132720870379745,0.003115814337634282,0.002045248380435744
10.0,0.9901408070656901,0.0036043251572333433,0.003728293079221409,0.002526574697855082
11.0,0.9881289767939991,0.004308497447648315,0.004460296907841094,0.0031022288505113496
12.0,0.9857280740811933,0.005146913345866738,0.005334414139512692,0.0037905984334271545
13.0,0.9828651258721411,0.006144350519490968,0.006377028761654628,0.00461349484671318
14.0,0.9794547683015917,0.007328871816192989,0.007619664369359419,0.005596695512855841
15.0,0.9753967943110273,0.008733152276530124,0.009099113540012168,0.006770939872430318
16.0,0.9705749511029499,0.010395332912133275,0.010857241820863154,0.008172474164053603
17.0,0.9648554976118272,0.012356922902556024,0.012943825528096765,0.009843753957519918
18.0,0.9580850660555114,0.014663500105719204,0.015416608965157386,0.011834824873611942
19.0,0.950088724056604,0.017368159606649503,0.018338545331179856,0.014204571005566456
20.0,0.9406704090791811,0.02052888448746971,0.021779355887539067,0.01702135054581
21.0,0.9296163571626039,0.02419569405067992,0.02582490112893253,0.020363047657783497
22.0,0.9166939489750228,0.02842317324102137,0.030562514396562403,0.024320363387393306
23.0,0.9016517494658187,0.033274362163622784,0.03607605299740734,0.028997835373151128
24.0,0.8842355963966995,0.03879246257427401,0.04246027172475203,0.03451166930427448
25.0,0.8642053608560303,0.04498159625425315,0.049824740752189525,0.04098830213752693
26.0,0.8413346409103655,0.051847564008393146,0.05824762386606642,0.04857017121517485
27.0,0.8154187603398979,0.05939334005651487,0.06777304605847627,0.057414853545110965
28.0,0.7863408789795656,0.06751775655864381,0.07846190329191147,0.06767946116987913
29.0,0.7540825114802452,0.07605143637445749,0.0903452790601528,0.07952077308514445
30.0,0.7187122116366338,0.08483381424025274,0.10335151032738663,0.09310246379572679
31.0,0.6804151558393816,0.09366924885710921,0.11733147467036446,0.10858412063314475
32.0,0.6395927907213975,0.10217286780507129,0.13215341847062265,0.1260809230029086
33.0,0.5967739513545719,0.10996686169190369,0.14757953003784485,0.14567965691567966
34.0,0.5525814706274514,0.11675433692777289,0.16321869932095268,0.16744549312382298
35.0,0.5077592923424875,0.12222180627634882,0.17862906114200802,0.19138984023915565
36.0,0.46317224499242277,0.12596797476997781,0.19343791755417988,0.2174218626834195
37.0,0.4196251168247948,0.1277759397010393,0.20719115725789491,0.2454077862162711
38.0,0.3778324449987596,0.12764725599291374,0.21933963547565702,0.27518066353266973
39.0,0.33843596463362363,0.12561621040148943,0.22946074790099685,0.30648707706389017
40.0,0.30195648830642297,0.12171741861215885,0.23734986641731556,0.3389762266641027
41.0,0.26870908671065785,0.11620320506667825,0.2427802959199182,0.3723074123027458
42.0,0.2388101069609732,0.10951927829752829,0.24551828810172227,0.4061523266397764
43.0,0.21227719057310077,0.10197052974760161,0.24563344108155125,0.4401188385977466
44.0,0.18901088701903826,0.09383535510412834,0.24333701712103975,0.47381674075579383
45.0,0.1688087217949332,0.08546697554930671,0.2388011955001957,0.5069231071555644
46.0,0.15139769255097432,0.07721171473792957,0.23223077066886239,0.5391598220422338
47.0,0.13650486624187516,0.06923477447747119,0.22401049405552764,0.5702498652251261
48.0,0.12384496767776822,0.06168375445851571,0.2144925632907189,0.5999787145729972
49.0,0.11313967994518306,0.05468518104299605,0.20398231222618798,0.6281928267856329
50.0,0.10412952973925636,0.04830250327856627,0.1927901070190248,0.6547778599631526
51.0,0.09658147596415481,0.042550402657417115,0.18120397998122761,0.6796641413972005
52.0,0.09028823399992301,0.03742737940465693,0.16946330311808852,0.7028210834773316
53.0,0.08507277119433485,0.032898255295386945,0.15778656344181083,0.7242424100684675
54.0,0.08078463447371076,0.02890081610929541,0.1463700452763093,0.7439445041406846
55.0,0.07728899990639157,0.025404908288772236,0.13531979500211333,0.7619862968027229
56.0,0.07447092795130031,0.022381489185891886,0.1247035078526157,0.7784440750101922
57.0,0.07223591192960144,0.019773620549156608,0.11460148569638703,0.793388981824855
58.0,0.07050945442914884,0.017498474645403758,0.10510419846656198,0.8068878724588854
59.0,0.06922388807959463,0.015513546152240255,0.09623078103170914,0.819031784736456
60.0,0.0683193274847468,0.013797737515084889,0.08796149949019562,0.8299214355099727
61.0,0.06774704906930343,0.01231492825266907,0.08029082879591105,0.8396471938821165
62.0,0.06746715203334695,0.011023685285635272,0.07321593812683565,0.8482932245541822
63.0,0.06744475594386479,0.009895465594634133,0.06671456289024336,0.8559452155712578
64.0,0.06764917593293517,0.008913247172861264,0.06074921900240256,0.8626883578918011
65.0,0.06805433954020534,0.00805717520903459,0.05528810174201225,0.8686003835087478
66.0,0.06863849449248814,0.00730465624000498,0.0503052528534671,0.8737515964140399
67.0,0.0693827211284093,0.006638293181313628,0.04577025654397908,0.8782087291462981
68.0,0.07026981702471354,0.006049439153547071,0.041644477469297704,0.8820362663524418
69.0,0.07128499311682852,0.005527956332532844,0.037894729266102524,0.8852923212845362
70.0,0.07241531512577183,0.005063914204946756,0.03449094870203854,0.888029821967243
71.0,0.07364947761333475,0.004648580198006252,0.031404820834987766,0.8902971213536713
72.0,0.07497731899089506,0.0042763906864493224,0.02860727894833291,0.8921390113743228
73.0,0.0763900480396274,0.003941467880120097,0.026072967869191745,0.8935955162110608
74.0,0.07787962257075493,0.0036389963980850873,0.023777888919325856,0.8947034921118342
75.0,0.07943872011206626,0.0033653312229501276,0.021699240793776137,0.8954967078712075
76.0,0.08106062819735184,0.003118386714406807,0.019814804573221125,0.8960061805150203
77.0,0.08273960983503688,0.0028951583944721556,0.018106072758791097,0.8962591590117
78.0,0.08447097979443413,0.0026906083074399127,0.016559534274038827,0.8962788776240872
79.0,0.08625017276317802,0.0025016049285042853,0.015160922547454474,0.8960872997608633
80.0,0.08807271113255964,0.002327059630869039,0.0138950155154528,0.8957052137211186
81.0,0.08993420499752688,0.002167926685747482,0.01274563562237313,0.8951522326943526
82.0,0.09183077311116714,0.0020246886581810593,0.011698851267256519,0.8944456869633953
83.0,0.09375975008927953,0.0018930156738218113,0.010748337435974486,0.8935988968009242
84.0,0.09571834994272492,0.0017710083178850962,0.009885763032286936,0.892624878707103
85.0,0.09770384476640569,0.0016578368732961947,0.009102440305852848,0.8915358780544453
86.0,0.09971357787162388,0.001553659199612747,0.008389428624847598,0.8903433343039159
87.0,0.10174515181704231,0.001458424134902642,0.007738970873588317,0.8890574531744668
88.0,0.10379673803770718,0.0013702354256489259,0.0071464735178039225,0.88768655301884
89.0,0.10586658502095575,0.001287740682930254,0.006607314511251715,0.8862383597848623
90.0,0.10795291864263189,0.0012105062473049177,0.006116307056160349,0.8847202680539029
91.0,0.11005394216708617,0.0011390171888108441,0.005667699603229833,0.8831393410408732
92.0,0.1121679918880434,0.001073801992732038,0.005256242911257812,0.8815019632079669
93.0,0.11429392743343816,0.0010133175524465704,0.004879730568977784,0.8798130244451376
94.0,0.11643061337557258,0.0009566371095923756,0.0045355802134282325,0.8780771693014069
95.0,0.1185768954916325,0.0009034104208650245,0.004220836157204807,0.8762988579302978
96.0,0.12073160483991995,0.000853839037483231,0.003932199267217496,0.8744823568553795
97.0,0.12289361950686298,0.0008083331069238768,0.00366643546644787,0.8726316119197655
98.0,0.12506214212692482,0.0007660798237395527,0.00342207534434907,0.8707497027049867
99.0,0.12723644434697315,0.0007263303910998495,0.0031978008232330358,0.8688394244386941
100.0,0.12941576822534243,0.0006887746860143988,0.0029919561582057255,0.8669035009304376
101.0,0.1315993277906796,0.0006535293991330829,0.002802561484969806,0.8649445813252177
102.0,0.13378632186116018,0.0006210704967062335,0.0026273926774747344,0.8629652149646589
103.0,0.1359761660497252,0.0005910647356711258,0.0024653602598267497,0.8609674089547771
104.0,0.1381684014216076,0.0005628473256874801,0.0023159076151800856,0.858952843637525
105.0,0.1403625362119857,0.0005361046370185682,0.00217817234627251,0.8569231868047233
106.0,0.14255805424486195,0.0005108153180766104,0.00205105411473686,0.8548800763223248
107.0,0.144754414933063,0.00048725029542277636,0.0019332146411010424,0.8528251201304133
108.0,0.14695113255476583,0.00046558155878924113,0.0018235335749097665,0.8507597523115353
109.0,0.14914790747306858,0.00044528028914806686,0.0017217983061314256,0.8486850139316521
110.0,0.15134443147516627,0.00042600512434889606,0.0016276442585123683,0.8466019191419726
111.0,0.1535403715940747,0.0004076357190778608,0.001540511259005141,0.8445114814278425
112.0,0.15573537019690803,0.0003902722657198647,0.0014596440952215053,0.8424147134421508
113.0,0.1579290484087725,0.0003742188870522994,0.0013841116788206268,0.8403126210253548
114.0,0.1601211341306332,0.00035939048528368185,0.0013134885971980217,0.8382059867868853
115.0,0.1623114510689338,0.0003453860073257812,0.0012477568079733868,0.8360954061157673
116.0,0.16449979643440196,0.00033200009597964436,0.0011867093047767147,0.8339814941648419
117.0,0.16668594503874237,0.000319191760937172,0.001129986227379656,0.831864876972941
118.0,0.16886964929463663,0.000307084378781119,0.0010770748616955195,0.8297461914648869
119.0,0.17105064589687266,0.0002959349456293843,0.0010273446682228212,0.8276260744892753
120.0,0.17322877377334406,0.00028561371520922777,0.0009806361474574564,0.8255049763639895
121.0,0.17540392877853472,0.00027581941537205024,0.000937006193854195,0.8233832456122392
122.0,0.17757598220664575,0.00026640131520486203,0.0008963619121801325,0.8212612545659694
123.0,0.17974478439107774,0.0002573374319902923,0.0008584858239995815,0.8191393923529325
124.0,0.18191016470443067,0.0002487345312065889,0.0008230358676740737,0.8170180648966888
125.0,0.1840719338777585,0.00024081786123224686,0.0007895569583866342,0.8148976913026228
126.0,0.18622997529194316,0.0002335427433150332,0.0007579149536889941,0.812778567011053
127.0,0.18838423725461836,0.00022664364135404266,0.0007282336133209734,0.8106608854907068
128.0,0.19053464506809586,0.00021998048679364152,0.0007005083456702261,0.8085448660994404
129.0,0.19268110444207845,0.0002135171894396846,0.0006746313142357805,0.8064307470542462
130.0,0.19482350149365973,0.00020732163745951617,0.0006503914376280407,0.8043187854312529
131.0,0.19696170274732452,0.0002015656973819682,0.0006274743895687835,0.8022092571657249
132.0,0.19909559208264788,0.0001963724607825524,0.0006056313710178945,0.8001024040855519
133.0,0.20122514910320297,0.00019150821096008825,0.0005850135021862515,0.7979983291836509
134.0,0.20335034144391845,0.00018681436047114023,0.0005656941570713856,0.7958971500385392
135.0,0.20547111759741346,0.00018222199029224376,0.000547656091450384,0.793799004320844
136.0,0.2075874072756207,0.00017775026328561188,0.0005307932191842572,0.7917040492419096
137.0,0.20969912140978633,0.00017350642419913524,0.0005149106122179394,0.7896124615537967
138.0,0.21180615366697436,0.00016967962452482275,0.0004997312748044903,0.7875244354336965
139.0,0.21390845487205004,0.00016624813554796388,0.00048521384693530874,0.7854400831454669
140.0,0.21600603122917486,0.00016299940223924993,0.00047152446491198057,0.7833594449036742
141.0,0.21809886723605695,0.0001598167617625907,0.0004587291472787439,0.7812825868549019
142.0,0.2201869287706675,0.00015666234283807738,0.0004468138797417754,0.7792095950067529
143.0,0.22227016309124067,0.00015357706574198248,0.0004356846151691908,0.7771405752278483
144.0,0.22434849883627375,0.00015068064230676015,0.0004251672735910442,0.7750756532478287
145.0,0.22642184947820498,0.00014815811565176376,0.0004150222762739089,0.7730149701298695
146.0,0.22849019545507468,0.00014594957939770796,0.00040527560179597994,0.7709585793637318
147.0,0.23055355886183643,0.00014385715070614882,0.00039609862590324086,0.7689064853615544
148.0,0.23261193913326303,0.000141773863630997,0.0003875683499232311,0.7668587186531829
149.0,0.23466531641091365,0.00013966780568747927,0.00037968553447884513,0.7648153302489202
150.0,0.2367136515431338,0.00013758211785213866,0.00037237469948833235,0.7627763916395259
151.0,0.23875688608505555,0.00013563499456283417,0.00036548412416529725,0.7607419947962165
152.0,0.2407949436064305,0.00013401473456217843,0.00035879112661846437,0.7587122505323889
153.0,0.24282780392385894,0.00013270752068602438,0.00035228858063312223,0.756687199974822
154.0,0.24485550521169583,0.00013150189279162366,0.0003461738454088685,0.7546668190501038
155.0,0.24687806196087725,0.00013027689157876996,0.0003405503613429646,0.7526511107862011
156.0,0.24889546763764356,0.00012898801562536154,0.00033544431292580604,0.7506401000338053
157.0,0.2509076946835396,0.0001276672213874012,0.000330804628740922,0.7486338334663322
158.0,0.2529146945154144,0.00012642292319899637,0.00032650298146497575,0.7466323795799217
159.0,0.25491639752542145,0.00012543999327235925,0.00032233378786776463,0.7446358286934386
160.0,0.256912756563347,0.00012482415305806383,0.00031817604248262266,0.7426442432411124
161.0,0.2589038219448768,0.0001243461648534204,0.00031425278842952886,0.7406575791018404
162.0,0.26088962572568564,0.0001238483018934677,0.00031071145291900647,0.738675814519502
163.0,0.2628701757670871,0.0001232563252829472,0.00030761582946396335,0.736698952078166
164.0,0.26484545591247033,0.0001225788246009864,0.00030494677742111945,0.7347270184855077
165.0,0.26681542598729996,0.00012190721790109846,0.0003026022219910068,0.7327600645728081
166.0,0.2687800217991159,0.00012141575171118287,0.00030039715421796944,0.730798165294955
167.0,0.27073916716969304,0.00012131931178268728,0.0002981070426670504,0.7288414064758573
168.0,0.27269289244560496,0.00012146872419399615,0.0002958785095463611,0.7268897603206548
169.0,0.2746412543657956,0.00012163526589071878,0.0002939342354379862,0.7249431761328758
170.0,0.27658427787735673,0.00012169728519820113,0.00029238974851681623,0.7230016350889283
171.0,0.2785219595971654,0.00012162682436855986,0.0002912678288987427,0.7210651457495674
172.0,0.2804542678118839,0.0001214896195806824,0.00029049850864065806,0.7191337440598948
173.0,0.28238114247795965,0.00012144510094022693,0.0002899190717404556,0.7172074933493597
174.0,0.2843024953748779,0.00012174586137730195,0.00028927459694397614,0.715286484166801
175.0,0.28621829560608,0.00012244954325231597,0.0002885080314527685,0.7133707468192151
176.0,0.28812862257818345,0.00012325437348092928,0.0002879177871828779,0.711460205261153
177.0,0.29003352126465864,0.00012397554159617244,0.00028768397994716053,0.7095548192137981
178.0,0.291933002964806,0.00012453586271991832,0.00028788151518190823,0.7076545796572923
179.0,0.29382704530375586,0.00012496577756288202,0.0002884800879468487,0.7057595088307346
180.0,0.2957155922324683,0.00012540335242462099,0.0002893441829251453,0.703869660232182
181.0,0.2975985540277335,0.00012609427919353503,0.0002902330744233967,0.7019851186186498
182.0,0.2994758373197296,0.0001272925529620473,0.00029089970616523887,0.7001059704211433
183.0,0.30134750815480943,0.00012873307210012908,0.0002916089430495458,0.698232149830041
184.0,0.30321363614245567,0.00013014676141478605,0.0002926245795885698,0.6963635925165411
185.0,0.3050742477908193,0.00013139963639238224,0.00029407931073672215,0.6945002732620517
186.0,0.30692933022979935,0.000132479873496811,0.0002959879462219285,0.6926422019504821
187.0,0.30877883121104277,0.00013349781016949483,0.000298247410545629,0.6907894235682422
188.0,0.3106226591079446,0.00013468594482938555,0.0003006367429827779,0.6889420182042433
189.0,0.3124606884395613,0.00013638095748896438,0.0003028348121829123,0.6871000957907669
190.0,0.3142929259116066,0.00013849266599734675,0.00030493823613258434,0.6852636431862635
191.0,0.3161194647324893,0.00014066312170203614,0.0003072984505452025,0.6834325736952636
192.0,0.3179403440906539,0.0001427026322746311,0.0003101038001171091,0.6816068494769545
193.0,0.31975555848914566,0.00014455627349496057,0.0003134142575666633,0.6797864709797928
194.0,0.3215650577456109,0.000146303889251084,0.0003171614236342403,0.6779714769415038
195.0,0.32336874699229684,0.00014816009153929122,0.00032114852708223256,0.6761619443890817
196.0,0.3251664866770038,0.00015047425740667884,0.00032505042767887995,0.6743579886379107
197.0,0.32695820993934377,0.000153360778567659,0.0003287705455738298,0.6725596587365148
198.0,0.32874401954475696,0.00015640716047457426,0.0003327147626836733,0.6707668585320848
199.0,0.3305239614706138,0.0001593768126169872,0.00033711841350949674,0.6689795433032598
200.0,0.33229803255619905,0.00016217710130288866,0.00034208148866039995,0.6671977088538378
201.0,0.33406618050271153,0.00016485934965869775,0.00034756863485349565,0.6654213915127764
202.0,0.3358283038732644,0.00016761883762926182,0.0003534091549139101,0.6636506681341925
203.0,0.3375842520928848,0.00017079480197785648,0.0003592970077747827,0.6618856560973627
204.0,0.339333896868205,0.00017464900802559974,0.0003650021969409823,0.6601264519268285
205.0,0.3410773252694979,0.00017877907158340026,0.00037092402807516303,0.6583729716308436
206.0,0.34281458416275895,0.00018290550029925596,0.0003773420133069905,0.6566251683236348
207.0,0.34454566519917446,0.00018690626145870644,0.00038438928929457225,0.6548830392500723
208.0,0.34627050724387337,0.0001908090709304135,0.00039206007765124336,0.653146623607545
209.0,0.34798899637592734,0.0001947913931661612,0.0004002096849455668,0.651416002545961
210.0,0.3497009658883506,0.00019918044120085577,0.00040855450270133265,0.6496912991677473
211.0,0.3514062398041412,0.00020432013139150783,0.0004167977052892241,0.6479726423591782
212.0,0.35310486634282895,0.00020986827183245758,0.00042528725980172006,0.6462599781255369
213.0,0.35479688548485083,0.00021550566975442846,0.00043434591953880707,0.644553262925856
214.0,0.35648227424614926,0.0002210879996238553,0.00044413552262723924,0.6428525022315997
215.0,0.35816095349483346,0.0002266243170655217,0.00045467762530438516,0.6411577445627967
216.0,0.3598327879511799,0.0002322770588625601,0.0004658535019182281,0.6394690814880394
217.0,0.3614975861876318,0.00023836204295645154,0.0004774041449273653,0.6377866476244844
218.0,0.3631551259507286,0.0002452719396395206,0.0004890018784782941,0.6361106002311538
219.0,0.36480539889490254,0.00025274722853785335,0.000500927207494807,0.6344409266690649
220.0,0.36644842665153515,0.0002604338558632989,0.0005135450320137601,0.632777594460588
221.0,0.3680841598951565,0.00026816883466335996,0.0005270463076905066,0.6311206249624898
222.0,0.369712489350365,0.000275945562832944,0.0005414811741886857,0.6294700839126135
223.0,0.37133324579182686,0.0002839138231143631,0.0005567589551802232,0.6278260814298787
224.0,0.3729462000442766,0.00029237978309733383,0.0005726481583453299,0.6261887720142809
225.0,0.37455107536640503,0.00030176887713042775,0.0005888109145612507,0.6245583448419034
226.0,0.37614778443088953,0.0003119262656128699,0.000605447140407868,0.6229348421630898
227.0,0.37773631536547275,0.00032246437782569327,0.0006229681870914946,0.6213182520696101
228.0,0.37931657701137433,0.00033320140845163236,0.0006416002170992606,0.6197086213630749
229.0,0.38088841326810774,0.0003441154737800865,0.0006614279457880246,0.6181060433123243
230.0,0.38245160309348036,0.0003553446117071192,0.0006823946413843733,0.6165106576534283
231.0,0.3840058605035935,0.00036718678173545895,0.0007043021249846215,0.6149226505896865
232.0,0.38555083803285417,0.00038008952748266173,0.0007268202944131786,0.6133422521452501
233.0,0.38708633492946243,0.0003940392927555912,0.0007500452879839566,0.6117695804897981
234.0,0.3886122837444398,0.00040861489442390486,0.0007744437320863146,0.6102046576290501
235.0,0.390128529582173,0.00042361228881060946,0.0008002891444660707,0.6086475689845504
236.0,0.39163484567754797,0.0004389920108115103,0.00082771255836867,0.607098449753272
237.0,0.39313093339594957,0.00045487917389521154,0.0008567025225391857,0.6055574849076162
238.0,0.3946164222332616,0.0004715634701031154,0.000887105101222317,0.6040249091954131
239.0,0.396090869815867,0.0004894991700494228,0.0009186238741623905,0.6025010071399213
240.0,0.39755390993053485,0.0005088720866810185,0.0009512131056867994,0.6009860048770974
241.0,0.39900538349509257,0.0005292348608262618,0.0009854015597865395,0.5994799800842947
242.0,0.4004450399178749,0.0005503548222734757,0.0010215293348360018,0.5979830759250158
243.0,0.40187254702190406,0.000572169816034833,0.0010597927635607996,0.5964954903985004
244.0,0.4032874910500548,0.0005947881868183618,0.0011002444272765364,0.5950174763358503
245.0,0.4046893766650544,0.0006184887790279452,0.0011427931558888047,0.5935493414000289
246.0,0.4060776269494827,0.0006437209367633224,0.0011872040278931887,0.5920914480858609
247.0,0.40745165505569264,0.0006708943754194093,0.0012332880795890536,0.5906441624892991
248.0,0.4088111300336287,0.0006996218994345948,0.00128157895345226,0.5892076691134845
249.0,0.4101556639750333,0.0007296167651221671,0.0013325260311982201,0.5877821932286464
250.0,0.4114847687987854,0.0007607853890994453,0.0013864196049302435,0.5863680262071851
251.0,0.4127978612355451,0.0007932119300397639,0.0014434050173141348,0.5849655218171012
252.0,0.4140942628277535,0.0008271582886724705,0.0015034826615781902,0.583575096221996
253.0,0.4153731999296328,0.0008630641077829307,0.001566507981513207,0.5821972279810712
254.0,0.41663381789035775,0.0009015044992603661,0.001632229525292878,0.5808324480850892
255.0,0.4178754632853071,0.0009423748117120445,0.001701016537811243,0.5794811453651698
256.0,0.4190975509422432,0.0009852926862223218,0.0017734934991832279,0.5781436628723514
257.0,0.4202993657566054,0.0010301172537640873,0.0018500876683917521,0.5768204293212389
258.0,0.42148007827384887,0.0010768949818920658,0.0019310795304935179,0.5755119472137658
259.0,0.42263874468944423,0.0011258596747428164,0.002016602796619006,0.5742187928391941
260.0,0.4237743068488781,0.0011774324730347324,0.0021066444039724774,0.5729416162741149
261.0,0.4248855922476529,0.0012322218540680473,0.0022010445158319827,0.5716811413824473
262.0,0.4259714275507695,0.0012906888421434796,0.0022997947604869898,0.5704380888466002
263.0,0.42703089963662155,0.0013524144555579981,0.0024036827887162133,0.5692130031191044
264.0,0.42806297759207923,0.001417163195481194,0.0025133519318599005,0.5680065072805799
265.0,0.4290664862914394,0.0014849117117094548,0.002629284307272793,0.5668193176895786
266.0,0.43004010841317697,0.0015558424212683978,0.002751806583096563,0.5656522425824583
267.0,0.4309823844399452,0.001630343508412871,0.0028810899782598116,0.5645061820733823
268.0,0.4318917126585754,0.0017090089246269518,0.00301715026247807,0.5633821281543198
269.0,0.43276635089703563,0.001792632976957145,0.003159852571042348,0.562281163554965
270.0,0.4336046591633614,0.0018814991906113182,0.0033095389691066984,0.5612043026769208
271.0,0.43440520103449226,0.001975124709642503,0.0034672476370757365,0.5601524266187896
272.0,0.43516636360437044,0.002073286261404103,0.0036338162708221414,0.5591265338634035
273.0,0.43588634556930295,0.0021760263898473716,0.0038098798632541725,0.5581277481775957
274.0,0.43656315722796146,0.002283653455521415,0.003995870704315672,0.5571573186122016
275.0,0.4371946204813827,0.0023967416355731956,0.004192018380986073,0.5562166195020581
276.0,0.4377783688329681,0.0025161309237475174,0.004398349777280375,0.5553071504660042
277.0,0.4383118492826292,0.0026429209090574495,0.004614694352148041,0.5544305354561655
278.0,0.4387926235096978,0.002777608494200857,0.004841434252330732,0.5535883337437707
279.0,0.43921865406055804,0.002919306139184421,0.005080191414241611,0.5527818483860161
280.0,0.4395876944750967,0.0030674152841866868,0.005332360557893546,0.5520125296828231
281.0,0.43989720485764533,0.0032218492162776834,0.0055989122302250805,0.551282033695852
282.0,0.44014435187697987,0.0033830330694189187,0.005880392805100426,0.5505922222485009
283.0,0.44032600876632105,0.0035519038244633803,0.00617692448330946,0.5499451629259062
284.0,0.44043875532333426,0.0037299103091555414,0.006488205292567737,0.5493431290749425
285.0,0.4404788744426188,0.003919024936951038,0.00681349758376245,0.5487886030366678
286.0,0.44044287586986397,0.00412034326827242,0.007152821161621856,0.5482839597002419
287.0,0.44032845857990977,0.0043313644671965,0.007509358509031643,0.5478308184438622
288.0,0.44013303704127554,0.004550112900010906,0.007885831958591126,0.5474310181001226
289.0,0.4398534551873166,0.004775956545414932,0.008283773680613548,0.547086814586655
290.0,0.4394859864162247,0.005009606994519547,0.0087035256831261,0.5468008809061298
291.0,0.4390263335910275,0.005253119450847389,0.009144239811869903,0.5465763071462554
292.0,0.438469629039589,0.005509892730332756,0.009603877750300001,0.5464166004797784
293.0,0.43781062804481596,0.0057841876495130125,0.010079612574003062,0.5463255717316682
294.0,0.43704638311120875,0.006073959647579485,0.01057402326539415,0.5463056339758178
295.0,0.43617525631183734,0.00637332190424197,0.011093051009260516,0.5463583707746603
296.0,0.435194645698302,0.006679094466018496,0.011640168003953715,0.5464860918317259
297.0,0.4341009347936708,0.006990984298777523,0.012216204496563514,0.5466918764109884
298.0,0.4328894925924794,0.007311585287737944,0.012819348782917909,0.546979573336865
299.0,0.43155467356073113,0.007646378237469073,0.013445147207583079,0.5473538009942169
300.0,0.4300902000317125,0.008002741753286921,0.014087349758044813,0.5478197084569559
301.0,0.4284942543364686,0.008376323802046998,0.014749747266622358,0.5483796745948623
302.0,0.4267667406923777,0.008758136485828197,0.01544014383692829,0.549034978984866
303.0,0.42490619285703674,0.009143605159102565,0.016162233416812638,0.5497879685670483
304.0,0.4229099255731492,0.009532261867052126,0.016915829356042147,0.5506419832037567
305.0,0.4207740345685252,0.00992774534556889,0.017696864406300295,0.5516013556796058
306.0,0.41849339655608137,0.010337801021254816,0.018497390721187217,0.5526714117014768
307.0,0.4160639766614733,0.010768148299289307,0.0193109213952868,0.5538569536439508
308.0,0.41348835835602643,0.011207270839929881,0.020145917830379133,0.5551584529736647
309.0,0.41076836942959477,0.011646692935112876,0.02100795964587343,0.5565769779894191
310.0,0.407904673613804,0.012082739949189656,0.02189796821077978,0.5581146182262268
311.0,0.404896816342688,0.012516423079598944,0.022812304553837252,0.559774456023876
312.0,0.40174322475268914,0.012953439356866802,0.02374276936351382,0.5615605665269304
313.0,0.398441753886058,0.013402703215279173,0.02467789654049108,0.5634776463581719
314.0,0.3949966058071201,0.013857273165729463,0.025619993342925463,0.5655261276842252
315.0,0.39141445943051884,0.014304750384305367,0.026576120201051715,0.5677046699841243
316.0,0.3877006480486201,0.014738605939368711,0.027547711667925544,0.5700130343440858
317.0,0.3838594032572092,0.015157609466521681,0.028531043951631366,0.5724519433246379
318.0,0.3798938549554912,0.015565829168606824,0.029517234915282308,0.5750230809606198
319.0,0.37580610151609634,0.01597243452184843,0.030492421376485467,0.5777290425855699
320.0,0.3716026901977444,0.01637604701777326,0.03145202623519806,0.5805692365492844
321.0,0.36729543887795535,0.01676195975376935,0.03240368895108032,0.5835389124171951
322.0,0.36289468294395605,0.017121649134041687,0.03334933230785125,0.5866343356141511
323.0,0.35840941054505104,0.01745250736633895,0.03428531183353288,0.5898527702550773
324.0,0.35384726259262234,0.017757842461953503,0.03520241580045023,0.5931924791449741
325.0,0.34921453288057086,0.018046877872010418,0.03608586556015462,0.5966527236872642
326.0,0.3445201963400542,0.01832257267195373,0.036926709626765586,0.6002305213612267
327.0,0.3397795089860165,0.01857035011627619,0.03773281749219795,0.6039173234055095
328.0,0.335005988037878,0.018781745261033243,0.0385067311720278,0.607705535529061
329.0,0.3302114428241859,0.01895423951471946,0.039245666804907584,0.6115886508561872
330.0,0.3254059747826142,0.019091260638268517,0.03994151465256607,0.6155612499265514
331.0,0.32059797745996393,0.019202182745053205,0.04058083909980834,0.6196190006951746
332.0,0.31579721394595406,0.019292498040683607,0.041154297281945085,0.6237559907314174
333.0,0.311018969691074,0.019350115511383898,0.04167021983734091,0.6279606949602013
334.0,0.3062764465630708,0.019368775661402354,0.04213209515145092,0.6322226826240761
335.0,0.30158094828999915,0.019347309030220493,0.04253904005730856,0.6365327026224721
336.0,0.2969418914123431,0.019289601195000835,0.042885832741151604,0.6408826746515046
337.0,0.29236680528301645,0.019204592770586865,0.043162912742422205,0.6452656892039746
338.0,0.28786358051780236,0.019098824009596265,0.04336366637015072,0.6496739291024509
339.0,0.2834440505890813,0.018964049882784374,0.043496889702527894,0.6540950098256068
340.0,0.2791178538549207,0.01879710833516412,0.043567160719385635,0.6585178770905298
341.0,0.2748929363642582,0.01859832667879875,0.043576090940746576,0.6629326460161967
342.0,0.2707755820283952,0.01837142275458103,0.04352241998653404,0.66733057523049
343.0,0.26677041262099666,0.018123504932233196,0.04340201557657206,0.6717040668701983
344.0,0.2628815640454141,0.017861119218500324,0.04321179598705705,0.6760455207490288
345.0,0.25911560697940117,0.017580028604608704,0.042960052207561196,0.6803443122084292
346.0,0.2554772597565027,0.01727966425119324,0.04265188342898363,0.6845911925633207
347.0,0.2519700785221964,0.016961196653936736,0.04229081784459195,0.6887779069792752
348.0,0.24859654843556864,0.016627238047557828,0.04187910223269209,0.6928971112841817
349.0,0.2453580836693142,0.01628184240581096,0.041417701956628215,0.6969423719682469
350.0,0.24225519953533542,0.0159299347784139,0.0409068795757622,0.7009079861104888
351.0,0.23928956539714427,0.015570402832161765,0.04035318034301597,0.7047868514276784
352.0,0.23646152540376955,0.015204501090420458,0.03976075846630679,0.7085732150395035
353.0,0.2337706278718032,0.014834599215449426,0.03913253677326318,0.7122622361394845
354.0,0.2312161348700779,0.014462537730826022,0.03847186828550679,0.7158494591135897
355.0,0.22879702221966694,0.014089628021445515,0.03778253621865243,0.7193308135402354
356.0,0.2265119794938843,0.01371665233352109,0.03706875398230807,0.7227026141902869
357.0,0.22435957848760116,0.013343272881761672,0.03633580055574863,0.7259613480748889
358.0,0.2223394101925136,0.012964350299748961,0.035593914143967786,0.72910232536377
359.0,0.22044741891261269,0.012587017602544288,0.03483980275166379,0.7321257607331796
360.0,0.21867917631087114,0.012218996341657538,0.0340692736826701,0.7350325536648016
361.0,0.21703100369611572,0.011864606331665695,0.03328153745639914,0.7378228525158198
362.0,0.21549997202302723,0.011524765650212822,0.0324792078078422,0.7404960545189181
363.0,0.21408390189214058,0.011196990638010077,0.03166830168756955,0.7430508057822802
364.0,0.21278136354984456,0.010875395898835705,0.030858239261730366,0.7454850012895897
365.0,0.21159167688838224,0.010550694299535047,0.03006184391205281,0.7477957849000303
366.0,0.21051273713144997,0.01021860965180146,0.029286274083128498,0.7499823791336204
367.0,0.20953727906943773,0.009894580972757604,0.02851707899653812,0.7520510609612668
368.0,0.20866063728178402,0.009584055922409683,0.027750285005122628,0.754005021790684
369.0,0.20787915667569373,0.009288615151245756,0.026985905163847957,0.7558463230092128
370.0,0.20719006869551748,0.009006449607762182,0.026227426527715855,0.7575760551690048
371.0,0.2065914913227517,0.008732360538463652,0.025481810151763977,0.759194337987021
372.0,0.20608197549024118,0.00845952395683572,0.024757576075662608,0.7607009244772609
373.0,0.20565702496425012,0.008193054258998543,0.024050057470446442,0.7620998633063052
374.0,0.2053125196235979,0.00793680524062114,0.023355752281083983,0.7633949228546973
375.0,0.20504509185232503,0.007691959643517249,0.022673925909181138,0.764589022594977
376.0,0.20485184329943687,0.007458132243929192,0.022005418437803306,0.7656846060188309
377.0,0.20473034487890365,0.0072333698525278555,0.02135264463147536,0.7666836406370935
378.0,0.2046786351419497,0.007014157669499565,0.020719587048730694,0.7675876201398204
379.0,0.20469408282052337,0.00679986208030613,0.020106973037313434,0.7683990820618575
380.0,0.20477320832094012,0.006593450070806306,0.019511496657612697,0.7691218449506413
381.0,0.2049131429794007,0.006395815835034862,0.018932027392524486,0.7697590137930403
382.0,0.20511129654268767,0.006207081358433295,0.018368212156324466,0.7703134099425549
383.0,0.20536535716816526,0.006026596417849827,0.017820475294667928,0.7707875711193174
384.0,0.2056732914237794,0.005852938581539402,0.01729001858458979,0.7711837514100918
385.0,0.20603330370830442,0.005684069809529321,0.01677865177718048,0.7715039747049862
386.0,0.2064429712194997,0.005520682679052885,0.01628517068148707,0.7717511754199607
387.0,0.206899861531937,0.005363817342189616,0.01580795293619019,0.7719283681896837
388.0,0.2074018408286485,0.00521364435223994,0.015346298685915334,0.7720382161331967
389.0,0.20794692368658968,0.005070041048710782,0.01489980888316955,0.7720832263815304
390.0,0.20853327307663952,0.004932591557315564,0.014468385288341452,0.772065750077704
391.0,0.20915920036360033,0.0048005867899742075,0.014052230469701193,0.7719879823767247
392.0,0.2098231585384009,0.004673049792811585,0.01365182054000563,0.7718519711287823
393.0,0.2105233138426643,0.00455034762952454,0.013266171921440027,0.7716601666063716
394.0,0.21125793321506087,0.004432736898437114,0.01289441461025433,0.7714149152762482
395.0,0.21202551592127314,0.004319826092398666,0.012536380857994725,0.7711182771283339
396.0,0.2128245925450232,0.004211321475857639,0.012191803940815905,0.7707722820383037
397.0,0.2136537249880725,0.004107027084861569,0.011860318159481069,0.7703789297675853
398.0,0.21451150647022213,0.004006844727057076,0.01154145883936191,0.7699401899633593
399.0,0.21539656152931252,0.00391077398168987,0.011234662330438648,0.7694580021585594
400.0,0.2163075222716866,0.003818998214653216,0.010939174762102164,0.7689343047515584
401.0,0.21724254738842208,0.0037336048105365677,0.010652234304911343,0.7683716134961305
402.0,0.2182008214519403,0.003653099358142411,0.010374905040743506,0.7677711741491742
403.0,0.21918183182328677,0.0035750494691614335,0.010109259329192447,0.7671338593783598
404.0,0.22018486700723042,0.0034979088586214718,0.009856439970614318,0.7664607841635342
405.0,0.22120901665226372,0.0034210173448875137,0.009616660206127626,0.7657533057967216
406.0,0.22225317155060254,0.003344600849661692,0.00938920371761323,0.765013023882123
407.0,0.22331602363818612,0.0032697713979832977,0.009172424627714351,0.7642417803361167
408.0,0.22439606599467726,0.003198527118228761,0.008963747499836555,0.7634416593872578
409.0,0.22549159284346215,0.003133752242111671,0.00875966733814777,0.7626149875762788
410.0,0.22660109907606724,0.0030777031240338893,0.008557375029438652,0.7617638227704606
411.0,0.22772501016231794,0.0030255695809285623,0.00836161239547978,0.7608878078612742
412.0,0.22886345888730628,0.0029738608474335314,0.00817567409828018,0.7599870061669804
413.0,0.2300160747444039,0.0029210315393104,0.008000810789734716,0.7590620829265514
414.0,0.23118204947640805,0.00286722681045462,0.00783650566210306,0.7581142180510346
415.0,0.23236013707554162,0.002814282352895499,0.00768047444800971,0.7571451061235536
416.0,0.23354865378345308,0.002765724396796194,0.007528665420443969,0.7561569563993071
417.0,0.23474624259681187,0.0027239691094380226,0.007378221543138413,0.7551515667506121
418.0,0.23595347934789412,0.00268449513442112,0.007233612778443868,0.7541284127392412
419.0,0.23717021365178748,0.0026455544264514176,0.0070963714998673365,0.7530878604218941
420.0,0.23839600157173896,0.0026065248391166024,0.006966864051051477,0.7520306095380934
421.0,0.23963014942325417,0.0025677485758909377,0.006844462148135233,0.75095763985272
422.0,0.24087171377409766,0.0025305321901352633,0.00672754287975384,0.7498702111560136
423.0,0.24211952591105748,0.00249705787737001,0.0066135818688917245,0.7487698343426812
424.0,0.24337319299532123,0.002466779289723646,0.006502925875429445,0.747657101839526
425.0,0.24463273508162553,0.0024377689026866753,0.006397357909357883,0.7465321381063303
426.0,0.2458978657885058,0.0024092561767586544,0.006297459896020741,0.7453954181387151
427.0,0.24716814559969844,0.002381060081569409,0.00620321379670531,0.7442475805220272
428.0,0.2484429818641405,0.002353589095879039,0.006114001608642467,0.7430894274313384
429.0,0.24972162879596982,0.002327841207577915,0.006028605365006675,0.7419219246314459
430.0,0.2510032787764863,0.0023050778596081607,0.005945546304943351,0.7407460970589625
431.0,0.25228778387741546,0.0022842750543691755,0.005865722606835883,0.7395622184613798
432.0,0.2535750299234629,0.002264361244152749,0.0057900754422877,0.738370533390097
433.0,0.2548647456672982,0.0022448504333379186,0.005718950182087894,0.7371714537172763
434.0,0.2561565413363639,0.0022257013507899965,0.00565224427916588,0.7359655130336806
435.0,0.2574499086328752,0.0022073174498605736,0.005589407268591392,0.7347533666486732
436.0,0.25874422073382064,0.0021905469083875148,0.005529440767574485,0.7335357915902178
437.0,0.26003885003587957,0.0021762688988072433,0.005471324729970736,0.7323135563353428
438.0,0.2613337155478275,0.002163497125039578,0.005415957828976225,0.731086829498157
439.0,0.2626287020955845,0.0021514139938751315,0.005364060764220268,0.7298558231463205
440.0,0.26392357317551496,0.0021396399235089976,0.00531591436153028,0.7286208725394461
441.0,0.2652179868481823,0.0021281761553189906,0.00527141909218604,0.727382417904313
442.0,0.2665114957383481,0.002117404753865644,0.005230095072919688,0.726141004434867
443.0,0.2678035470349726,0.0021080886068922146,0.005191082065915726,0.7248972822922198
444.0,0.26909359246745,0.0021009913490779336,0.005153527366694649,0.7236518888167778
445.0,0.2703815729182601,0.0020952271271490394,0.005118257451767887,0.7224049425028234
446.0,0.27166739590934263,0.002090060026666046,0.005085941386816707,0.721156602677175
447.0,0.2729508567407921,0.0020851444324211706,0.005056859623814807,0.7199071392029722
448.0,0.27423165093319524,0.00208048095536972,0.005030949474340035,0.7186569186370954
449.0,0.2755093742276316,0.002076416432630091,0.005007805109574399,0.7174064042301642
450.0,0.2767835225856732,0.00207364392748377,0.0049866775603040585,0.7161561559265394
451.0,0.27805357030120575,0.002072936975944331,0.004966743497445769,0.7149067492254045
452.0,0.27931944398470726,0.002073558525146296,0.004948703357837208,0.7136582941323096
453.0,0.2805810776154742,0.002074773701977839,0.0049332493001138095,0.7124108993824345
454.0,0.2818382917736922,0.0020762288795050797,0.004920696211107951,0.7111647831356952
455.0,0.28309080965836303,0.0020778956406910546,0.004911039109241431,0.7099202555917049
456.0,0.28433825708730454,0.0020800707783957192,0.00490395314452547,0.7086777189897747
457.0,0.2855801624971508,0.002083376295375946,0.004898793598560707,0.7074376676089129
458.0,0.28681599359657145,0.0020886364198832554,0.0048947192517158665,0.7062006507318298
459.0,0.2880456130369372,0.0020953667742339196,0.004892198612225374,0.7049668215766038
460.0,0.2892689832450872,0.0021027728582925734,0.004892002325402502,0.7037362415712181
461.0,0.2904859451562825,0.0021104580757066445,0.004894508843476862,0.7025090879245344
462.0,0.29169624236607683,0.0021183396024898765,0.004899790310144005,0.7012856277212897
463.0,0.2928995211303167,0.0021266483870223344,0.004907612560565429,0.7000662179220959
464.0,0.29409533036514107,0.0021359291500504,0.00491743512136857,0.6988513053634403
465.0,0.29528312723046296,0.002147021854530291,0.004928429671867668,0.6976414212431395
466.0,0.2964626412909994,0.002159867414058536,0.004940662596200762,0.6964368286987417
467.0,0.29763386190527935,0.0021735710631218836,0.004955019613582193,0.695237547418017
468.0,0.2987966494720613,0.0021876537845126128,0.004971977134803953,0.6940437196086225
469.0,0.2999507643749006,0.0022019489646626276,0.004991708777733348,0.6928555778827038
470.0,0.3010958669821493,0.002216602393643457,0.005014085367312992,0.6916734452568947
471.0,0.3022315176469562,0.002232072265166254,0.005038674935560808,0.6904977351523172
472.0,0.3033571767072672,0.0022491291765817955,0.00506474272157003,0.6893289513945814
473.0,0.3044723771641526,0.0022682959198186206,0.005091802122007155,0.688167524794022
474.0,0.3055770996143432,0.0022886515494370697,0.005120779539249481,0.6870134692969706
475.0,0.3066712319966506,0.0023095729881175866,0.005152305729875955,0.6858668892853562
476.0,0.3077545530358878,0.0023307703533231774,0.005186690289443234,0.6847279863213462
477.0,0.3088267352611213,0.0023522769965748287,0.005223931535987776,0.6835970562063165
478.0,0.3098873450056711,0.0023744495034515103,0.005263716510025837,0.682474488980852
479.0,0.3109358424071106,0.0023979676935901727,0.005305420974553477,0.6813607689247462
480.0,0.31197161563682946,0.002423724595535042,0.005348216995558488,0.6802564427720773
481.0,0.3129944718735943,0.0024512639248917586,0.005392592150624075,0.6791616720508902
482.0,0.31400435732696996,0.0024796890692308335,0.005439454625826606,0.678076498977973
483.0,0.3150010778060308,0.002508531355539193,0.0054892995523192125,0.6770010912861112
484.0,0.3159843224408872,0.002537670869414978,0.005542287972871659,0.6759357187168266
485.0,0.3169536636826851,0.002567336455067547,0.0055982468418703385,0.6748807530203773
486.0,0.3179085573036066,0.002598105715317474,0.005656669025318275,0.673836667955758
487.0,0.31884834239686927,0.002630905011596549,0.005716713300835123,0.6728040392906994
488.0,0.31977248739576886,0.002666232359741306,0.005777956445859896,0.6717833237986304
489.0,0.32068097036477744,0.0027029751574451696,0.005841526051134365,0.6707745284266434
490.0,0.3215736447307642,0.0027404023591820923,0.005908177997121971,0.6697777749129321
491.0,0.32245023043947396,0.0027781787574766375,0.005978290321201149,0.6687933004818487
492.0,0.3233103149383675,0.002816361840052493,0.006051866281383426,0.667821456940197
493.0,0.3241533531766217,0.002855401789832472,0.006128534356313433,0.6668627106772328
494.0,0.3249786676051292,0.0028961414849385117,0.006207548245268895,0.6659176426646638
495.0,0.32578548371942195,0.002939705210581659,0.006287894059671527,0.6649869170103253
496.0,0.3265735390691974,0.0029856038745120096,0.006370107434253858,0.6640707496220372
497.0,0.32734279380443687,0.0030326512771233468,0.006455384268471023,0.6631691706499692
498.0,0.3280930270645005,0.0030802055147056057,0.006544399488069273,0.662282367932725
499.0,0.3288238632023583,0.0031280843904114616,0.006637390134443943,0.6614106622727867
500.0,0.3295347717845901,0.00317656541425633,0.006734155364639451,0.6605545074365144
501.0,0.33022506759138565,0.0032263858031183683,0.006834056451349301,0.6597144901541471
502.0,0.33089391061654433,0.003278742480738473,0.006936016782916077,0.6588913301198015
503.0,0.3315405756515025,0.0033344598945601197,0.007039316775326226,0.6580856476786114
504.0,0.3321650729842187,0.003392085023467181,0.007145404397930871,0.6572974375943835
505.0,0.33276729061936533,0.0034505347023176384,0.007255368921657076,0.6565268057566603
506.0,0.33334692849554703,0.003509291495183783,0.007369760742595958,0.6557740192666736
507.0,0.333903502497214,0.003568391241547377,0.007488603341307054,0.6550395029199318
508.0,0.3344363444546617,0.0036284230562996507,0.0076113932828183175,0.6543238392062206
509.0,0.33494460214403077,0.003690529329741308,0.007737100216626127,0.6536277683096021
510.0,0.3354272782433441,0.003756286630458487,0.007864280148136856,0.6529521549780608
511.0,0.3358840729231513,0.0038251307563031247,0.007993519828329108,0.6522972764922167
512.0,0.3363150715523463,0.0038953180204316998,0.00812651702680058,0.6516630934004217
513.0,0.3367201051239246,0.003965884646030893,0.008264224960132073,0.6510497852699128
514.0,0.3370987854490019,0.004036539347990689,0.008406955516881693,0.650457719686126
515.0,0.3374505051568141,0.004107663332904382,0.008554379257584854,0.649887452252697
516.0,0.33777443769471727,0.00418031029906857,0.008705525414754282,0.6493397265914601
517.0,0.3380695373281876,0.004256206436483156,0.008858781892879997,0.6488154743424495
518.0,0.33833500568708713,0.004336334913234518,0.009013234891857496,0.6483154245078212
519.0,0.3385710894352982,0.004418508801023807,0.009170963437553121,0.6478394383261252
520.0,0.3387778205261518,0.004501211732125063,0.009333403353593724,0.6473875643881297
521.0,0.338954971371136,0.004583745176322005,0.009501208552069979,0.6469600749004724
522.0,0.3391020572551913,0.004666221146703368,0.009674257940351313,0.6465574636577543
523.0,0.339218336336711,0.004749562199662897,0.009851655421085894,0.6461804460425405
524.0,0.33930280964754095,0.004835501434899352,0.010031729892200653,0.6458299590253594
525.0,0.33935439135104156,0.004926069144428456,0.010212519828689402,0.6455070196758409
526.0,0.3393732433958325,0.005019549399017477,0.010395593461322787,0.6452116137438275
527.0,0.339359709608949,0.005113705013417002,0.01058300325098328,0.644943582126651
528.0,0.33931379787380134,0.005207379744658011,0.010775766857805395,0.6447030555237355
529.0,0.33923522170753634,0.005300375120164362,0.01097398304748815,0.6444904201248115
530.0,0.33912340026103727,0.005393450437752785,0.011176831691295044,0.6443063176099152
531.0,0.3389774583189239,0.005488322765632895,0.011382573766054104,0.6441516451493894
532.0,0.33879627113541694,0.005587532352758859,0.011588678201366729,0.6440275183104578
533.0,0.33857981485831273,0.005690361487007421,0.011795676324596693,0.6439341473300834
534.0,0.3383288143000687,0.005793875041961926,0.012006189133136223,0.6438711215248334
535.0,0.338043593454621,0.0058964493460260566,0.012221581954686487,0.6438383752446667
536.0,0.33772414723447686,0.005997567171038963,0.012442154913696537,0.6438361306807879
537.0,0.33737014147071526,0.006097817732275254,0.012667142931363286,0.6438648978656465
538.0,0.3369809129129864,0.006198896688444999,0.012894715725631513,0.6439254746729374
539.0,0.3365554748499469,0.0063035892873523685,0.01312199369227611,0.6440189421704249
540.0,0.33609370097394464,0.0064121893492373044,0.013348433818699105,0.6441456758581192
541.0,0.3355967369587391,0.006521211875561554,0.013577067097767008,0.6443049840679327
542.0,0.33506530043452026,0.006628598087667241,0.013809560077643177,0.6444965414001697
543.0,0.334499747413224,0.006733539893157391,0.01404637208605454,0.6447203406075643
544.0,0.33390007228853236,0.006836479885895931,0.014286755230291593,0.6449766925952805
545.0,0.3332659078358732,0.006939111346007686,0.014528754397208401,0.645266226420911
546.0,0.33259652521242034,0.007044378239878387,0.01476920725322261,0.645589889294479
547.0,0.33189186297178963,0.007153345971800487,0.015006712132426834,0.6459480789239834
548.0,0.3311535226016428,0.007262121850079399,0.015244577990315523,0.6463397775579626
549.0,0.33038266879979733,0.007368292401156977,0.01548470215934928,0.6467643366396967
550.0,0.32958007367624526,0.007470825053137361,0.01572764756831143,0.6472214537023063
551.0,0.3287461168179688,0.007570067940591668,0.015972642926529924,0.6477111723149099
552.0,0.32788078528894027,0.0076677499045579925,0.01621758272387739,0.6482338820826247
553.0,0.32698367363012215,0.007766980492541408,0.016459027230771067,0.6487903186465657
554.0,0.32605496215651514,0.007869246540668808,0.01669506526125824,0.6493807260415582
555.0,0.325096714507293,0.00797037351552346,0.016929200994508935,0.6500037109826751
556.0,0.32411054327856487,0.008067723654007734,0.017163477408050916,0.6506582556593768
557.0,0.3230976385814447,0.00816014480431941,0.017398502595736647,0.6513437140184997
558.0,0.3220587702962982,0.00824796356706958,0.01763345626625257,0.65205980987038
559.0,0.32099428807274305,0.00833298529528264,0.01786608974311911,0.6528066368888557
560.0,0.3199041213296486,0.008418494094396314,0.018092725964690654,0.6535846586112648
561.0,0.3187888037342222,0.008506067170746933,0.01831131595826051,0.6543938131367707
562.0,0.3176508130454764,0.008591352834143409,0.018525534480593783,0.6552322996397868
563.0,0.31649212833475815,0.008671675018763387,0.018737467137429624,0.6560987295090492
564.0,0.3153142854561915,0.00874588894973875,0.01894772235653032,0.6569921032375399
565.0,0.3141183796935383,0.008814372969705235,0.019155439178906972,0.6579118081578499
566.0,0.3129050657601984,0.008879028538802427,0.01935828725881951,0.65885761844218
567.0,0.3116745577992095,0.008943280234673766,0.019552466863776683,0.6598296951023405
568.0,0.31042775345897533,0.009008528289049416,0.019736138906444614,0.6608275793455312
569.0,0.3091674014391987,0.009070407001663781,0.01991309360826652,0.6618490979508715
570.0,0.30789568811329904,0.009126390407600965,0.020085374820730688,0.6628925466583698
571.0,0.3066143509086673,0.009175452923753696,0.020253580145481037,0.6639566160220984
572.0,0.3053246791899544,0.009218066575528362,0.020416863598269063,0.6650403906362486
573.0,0.3040275142590711,0.009256200996845008,0.02057293560895381,0.6661433491351305
574.0,0.3027232493552039,0.009293323430087798,0.020718063021549903,0.6672653641931588
575.0,0.3014130344696036,0.009330537430849425,0.020850833963541177,0.6684055941360063
576.0,0.30009966087237927,0.009363688473769309,0.020975033734069903,0.669561616919782
577.0,0.298785319845517,0.009390527428726305,0.02109263114930857,0.6707315215764487
578.0,0.29747176474275294,0.009410204517411543,0.021204244351262648,0.6719137863885734
579.0,0.2961603109895733,0.00942326931332841,0.021309140807770577,0.6731072788893282
580.0,0.294851836083214,0.009431670741792568,0.021405237312503763,0.6743112558624901
581.0,0.29354677971721277,0.009438756676708316,0.02148910037895388,0.6755253632271255
582.0,0.29224631157791464,0.009445475964640246,0.02155968102802094,0.6767485314294247
583.0,0.2909530270604643,0.009448054969502004,0.02162065107731531,0.6779782668927189
584.0,0.2896689240238219,0.009444562682847176,0.021673913452680646,0.6792125998406509
585.0,0.28839559216450866,0.009434309038493184,0.021720166877335786,0.6804499319196629
586.0,0.28713421301660697,0.009417844912521272,0.021758905871874783,0.6816890361989975
587.0,0.28588555995176035,0.009396962123276516,0.021788420754266884,0.6829290571706967
588.0,0.28464999817917336,0.00937469343136782,0.021805797639856527,0.6841695107496027
589.0,0.28342842393087364,0.009352218960677465,0.0218099855698878,0.6854093715385615
590.0,0.28222305689633786,0.009326198796274684,0.02180448523326779,0.6866462590741201
591.0,0.28103555737579833,0.009294972249076765,0.02179117167071744,0.6878782987044079
592.0,0.2798672230820282,0.00925793078600593,0.021770887645499094,0.6891039584864672
593.0,0.27871898978483794,0.009215515919631932,0.021743445721975212,0.6903220485735554
594.0,0.2775914313110752,0.009169219208172052,0.02170762826560837,0.6915317212151448
595.0,0.27648475954462504,0.009121582255491105,0.021661187442961242,0.692732470756923
596.0,0.275399364938265,0.009074399087538999,0.02160264087191841,0.6939235951022781
597.0,0.27433695277139647,0.009024888221387275,0.021535128863133378,0.6951030301440834
598.0,0.27329880121119204,0.008971490610099702,0.02146060473908161,0.6962691034396271
599.0,0.2722858638172327,0.008913565872991061,0.021380105218106255,0.6974204650916704
600.0,0.27129878608866403,0.00885133776586466,0.021293804474529214,0.6985560716709426
601.0,0.2703379054641965,0.008785894181012341,0.02120101413865114,0.6996751862161406
602.0,0.2694032513221051,0.008719187147214466,0.021100183296751424,0.7007773782339295
603.0,0.26849469350795796,0.008653536268739378,0.020989397705765682,0.7018623725175375
604.0,0.26761320780501124,0.008587359551689412,0.020870693299973552,0.7029287393433262
605.0,0.26675976401912765,0.00851888054751465,0.020746332849004217,0.703975022584354
606.0,0.2659349940925182,0.008447304090071791,0.020617585008831586,0.7050001168085789
607.0,0.2651392722825937,0.008372553080899655,0.020484986145891483,0.7060031884906156
608.0,0.26437271516196464,0.008295268489219177,0.02034834033708166,0.706983676011735
609.0,0.26363518161844124,0.008216809351933408,0.02020671936976179,0.707941289659864
610.0,0.2629262728550332,0.008139252773627507,0.020058462741753443,0.7088760116295862
611.0,0.26224594358603476,0.008063331352656881,0.01990327051701199,0.7097874545442968
612.0,0.2615949475811313,0.007986883706780103,0.01974379553087373,0.7106743731812153
613.0,0.2609736830427527,0.00790880341253494,0.019581617921942816,0.71153589562277
614.0,0.26038232531778,0.007828626179652997,0.01941765027561316,0.7123713982269543
615.0,0.2598208270280371,0.007746529415900538,0.019252138063516635,0.7131805054925461
616.0,0.25928891807029125,0.007663332227078465,0.01908465964352312,0.7139630900591076
617.0,0.25878610561625254,0.007580495417022325,0.018914126259740458,0.7147192727069851
618.0,0.25831170185423313,0.007500028022288883,0.018738877318665213,0.7154493928048132
619.0,0.2578657018464414,0.007421498018095388,0.018559736687889898,0.7161530634475738
620.0,0.25744849854830143,0.007342968326063975,0.018379068456842125,0.7168294646687929
621.0,0.2570601946092949,0.007263405679336192,0.01819829917375868,0.7174781005376106
622.0,0.2567006781284775,0.007182438056169367,0.018018161788620046,0.7180987220267335
623.0,0.2563696226544785,0.007100354679936609,0.017838695653150397,0.718691327012435
624.0,0.25606648718550085,0.007018106019126801,0.0176592465208176,0.7192561602745552
625.0,0.2557905161693214,0.006937303787344607,0.01747846654683321,0.7197937134965012
626.0,0.2555408116323922,0.006859975064535846,0.017294566689869756,0.7203046466132027
627.0,0.25531734177950655,0.006785096120588171,0.01710887934949429,0.7207886827504114
628.0,0.255120356573574,0.006710582313833748,0.01692381876568693,0.7212452423469058
629.0,0.2549498217148513,0.0066352840114513876,0.01674082415260009,0.7216740701210976
630.0,0.254805466582417,0.006558829054217549,0.016560520621691673,0.7220751837416742
631.0,0.254686784234171,0.006481622756506332,0.01638271918172505,0.722448873827598
632.0,0.2545930314068351,0.006404847906289479,0.016206416738769068,0.7227957039481068
633.0,0.25452322851595255,0.006330464765136383,0.016029796096198076,0.7231165106227134
634.0,0.25447634001305536,0.006260588712132559,0.015850867366794245,0.7234122039080183
635.0,0.2544524912558299,0.006193278539048776,0.015671806668864634,0.7236824235362571
636.0,0.25445188524812334,0.006126286146401009,0.015495092574251232,0.7239267360312248
637.0,0.2544744149156476,0.00605842288281187,0.015322101678005805,0.7241450605235351
638.0,0.2545197027363102,0.005989424119281249,0.01515324835376266,0.7243376247906463
639.0,0.2545871007402139,0.0059199492491863095,0.014987984753738633,0.7245049652568616
640.0,0.25467569050965694,0.005851581688281486,0.01482480080873311,0.7246479269933289
641.0,0.254784283179133,0.0057868288746985045,0.01466122422812803,0.7247676637180409
642.0,0.2549120488693628,0.005726938038469546,0.014496072595910238,0.7248649404962578
643.0,0.2550594178088504,0.00566877463647805,0.014332663897902253,0.7249391436567697
644.0,0.2552264587648113,0.005610458221665405,0.014173011757722566,0.7249900712558011
645.0,0.25541295128335856,0.00555111271074959,0.014018089616093944,0.7250178463897983
646.0,0.2556183896986764,0.00549085246950476,0.013867845102667527,0.7250229127291516
647.0,0.2558419831330204,0.0054307823127612564,0.013721200036022842,0.7250060345181959
648.0,0.2560826554967174,0.005372997504405597,0.013576050423667796,0.7249682965752096
649.0,0.25633917239114634,0.005320142999260111,0.013429720649193731,0.7249109639604002
650.0,0.2566115910560771,0.005270387532755113,0.013284134027916438,0.7248338873832517
651.0,0.2569001680077506,0.0052212279583600365,0.013141888796970052,0.7247367152369196
652.0,0.2572047905212632,0.005171450565690333,0.013004253072016313,0.7246195058410305
653.0,0.25752507608280645,0.005120784284980475,0.012871523640564904,0.7244826159916485
654.0,0.257860372389667,0.005069900687083943,0.012743025961973437,0.7243267009612759
655.0,0.25820975735022683,0.005020413983473241,0.012617114167447463,0.7241527144988529
656.0,0.2585720477249536,0.004974851049898225,0.012491201906229776,0.7239618993189187
657.0,0.2589468232084303,0.004933108633072745,0.012365400924366079,0.7237546672341313
658.0,0.2593344245008125,0.004892480917174521,0.012242479634426349,0.7235306149475871
659.0,0.2597347973466989,0.00485164505118798,0.012123782206010817,0.7232897753961026
660.0,0.26014764699104315,0.004810119491459771,0.01200979041271721,0.7230324431047803
661.0,0.2605724381791535,0.004768264001698765,0.011900123632140732,0.7227591741870074
662.0,0.261008395156693,0.004727279652976054,0.011793538845874084,0.7224707863444573
663.0,0.26145450166967965,0.004689208823724953,0.011687930639507443,0.7221683588670883
664.0,0.26191002905706223,0.0046551150383344325,0.011582195587751098,0.7218526603168527
665.0,0.2623752932019707,0.004622494401771907,0.011478870995053628,0.7215233414012041
666.0,0.26285028792887977,0.00458997692904917,0.011379326424319592,0.7211804087177518
667.0,0.2633347883876799,0.004556955527946294,0.0112841535529513,0.7208241025314229
668.0,0.2638283556229267,0.004523570178998482,0.01119318242389204,0.7204548917741832
669.0,0.26433033657384114,0.0044907079354960695,0.011105481445626087,0.7200734740450371
670.0,0.2648398640743092,0.00446000292348452,0.011019357392178691,0.719680775610028
671.0,0.2653560883084416,0.004433042239480673,0.010933166251071753,0.7192777032010064
672.0,0.26587918290700724,0.004407932621218453,0.010848807674748792,0.7188640767970259
673.0,0.266409216136837,0.004383172614547931,0.010767771915498688,0.7184398393331168
674.0,0.26694602942786205,0.004358047206993136,0.0106907505979304,0.7180051727672148
675.0,0.26748926802628176,0.00433252185538454,0.010617745421995476,0.7175604646963386
676.0,0.2680383809945634,0.004307242485859059,0.010548068162988047,0.7171063083565898
677.0,0.2685926212114422,0.004283535493860053,0.010480340671544837,0.7166435026231534
678.0,0.26915111982785356,0.00426315355385193,0.0104127535669763,0.7161729730513186
679.0,0.26971383978616703,0.004245036274428889,0.01034635346559913,0.7156947704738054
680.0,0.270280936087333,0.004227504057941051,0.01028280423910247,0.7152087556156239
681.0,0.2708523174370018,0.004209725611785903,0.010222910647212822,0.714715046304
682.0,0.2714277068938943,0.004191508094228786,0.010166833571143886,0.7142139514407334
683.0,0.2720066418698022,0.004173297114402901,0.010114090013596564,0.7137059710021988
684.0,0.2725884741295878,0.004156176732309302,0.010063553098758948,0.7131917960393444
685.0,0.273172378476321,0.004141839953677479,0.010013482003065784,0.7126722995669361
686.0,0.27375806401659925,0.004130185126250345,0.009963952786040148,0.7121477980711106
687.0,0.27434576242598385,0.004119377817771781,0.009916782428584429,0.7116180773276604
688.0,0.2749354506673029,0.0041084573566050825,0.00987290422518791,0.7110831877509045
689.0,0.27552692580307636,0.004097075689806486,0.00983263674450938,0.7105433617626081
690.0,0.27611980499551597,0.004085497383125173,0.009795683829377132,0.709999013791982
691.0,0.27671352550652534,0.0040745996210032704,0.00976113459678897,0.7094507402756828
692.0,0.2773073446976999,0.0040658722065758475,0.009727463437912193,0.7088993196578124
693.0,0.2779007160472428,0.004060154692941107,0.009693802254670685,0.7083453270051457
694.0,0.27849389935861324,0.004055607190383802,0.009661972616347738,0.7077885208346556
695.0,0.2790869435640045,0.0040511159988343435,0.009633060577099664,0.7072288798600619
696.0,0.27967971724032664,0.0040461754889643195,0.009607544724034807,0.7066665625466746
697.0,0.28027191199379436,0.0040408766537913905,0.00958530775798584,0.7061019035944288
698.0,0.2808630424599267,0.004035907108679293,0.009565636493509753,0.7055354139378847
699.0,0.28145244630354727,0.004032551091337837,0.009547221858887858,0.7049677807462275
700.0,0.2820394291212452,0.0040322058607756995,0.009528644190499596,0.7043997208274799
701.0,0.282624133473216,0.004033497631969881,0.009511257675144,0.7038311112196705
702.0,0.28320670521887353,0.0040350654632301235,0.009496395271013232,0.7032618340468836
703.0,0.2837870834933773,0.004036239887046785,0.009484700664342174,0.7026919759552341
704.0,0.2843650315586361,0.004036938832592285,0.009476233365767204,0.7021217962430047
705.0,0.28494013680330804,0.004037667625721104,0.009470468710326203,0.701551726860645
706.0,0.2855118107427999,0.004039518988969783,0.009466297857458558,0.7009823724107721
707.0,0.28607931827569555,0.004044075968416028,0.009462124858761627,0.7004144808971272
708.0,0.28664256131696964,0.004050823930318368,0.009458447220532998,0.6998481675321794
709.0,0.2872017876432969,0.0040581300815437475,0.009456868031182496,0.6992832142439773
710.0,0.28775700868323595,0.004065148749099444,0.009458206429981245,0.6987196361376838
711.0,0.28830805941584997,0.004071618843185354,0.009462702393049742,0.6981576193479153
712.0,0.2888545983707067,0.004077863857193996,0.009470016733357848,0.6975975210387418
713.0,0.28939610762787826,0.004084791867710509,0.00947923110072479,0.6970398694036869
714.0,0.2899318928179414,0.004093895534512657,0.009488847981819164,0.6964853636657272
715.0,0.29046154717631123,0.004105727981724376,0.009498305352358656,0.6959344194896061
716.0,0.29098538895326476,0.004118483069386788,0.009509377026837199,0.6953867509505116
717.0,0.29150350857491586,0.004131114290919221,0.009523079486143836,0.6948422976480215
718.0,0.2920158170473183,0.0041431658018056365,0.00953984596164312,0.6943011711892333
719.0,0.2925220460995922,0.00415477194703456,0.00955952690633748,0.6937636550470361
720.0,0.29302174818392385,0.004166657261099085,0.00958138999486723,0.6932302045601102
721.0,0.2935142964755658,0.004180136467996874,0.00960412012351056,0.6927014469329271
722.0,0.29399905554221073,0.004196557126542993,0.00962637142671031,0.6921780159045363
723.0,0.2944762547628272,0.0042144597959881775,0.009649571879137587,0.6916597135620475
724.0,0.29494610051100484,0.004232478240044742,0.00967505038018959,0.6911463708687612
725.0,0.2954085891632306,0.004249934876324678,0.009703456837967847,0.6906380191224772
726.0,0.29586353218255357,0.004266758228084505,0.009734844335074109,0.6901348652542881
727.0,0.296310556118585,0.004283482924225267,0.009768669128610335,0.6896372918285798
728.0,0.29674910260749837,0.004301249699292537,0.009803790650178706,0.6891458570430308
729.0,0.29717848455221685,0.004321623601398606,0.009838650517142283,0.6886612413292426
730.0,0.29759896051192797,0.004343118249069138,0.009874694661120577,0.6881832265778827
