Ttimestamp,Average S,Average E,Average I,Average R,STD S,STD E,STD I,STD R
1,0.999,0,0.001,0,0,0,0,0
2,0.99651,0.00206,0.0013,0.00013,0.000381371792932367,0.000377712412645741,0.000115470053837925,0.000105934990547138
3,0.99544,0.00258,0.00167,0.00031,0.000598516684999033,0.000537070241629942,0.000279085809185793,0.000166332999331662
4,0.99415,0.00318,0.00211,0.00056,0.000729154761807591,0.000547316686713968,0.000401248052954778,0.000171269767715535
5,0.99239,0.00406,0.00264,0.00091,0.00114934764105556,0.000764780287983999,0.000544058820349418,0.000172884033065199
6,0.99016,0.00507,0.00334,0.00143,0.00127558265553869,0.000702456008903365,0.000702693231629406,0.000149443411809733
7,0.98794,0.00593,0.0042,0.00193,0.00156219219190355,0.000878192588343936,0.00062893207547044,0.000258413965910857
8,0.98512,0.00704,0.00515,0.00269,0.00229337209269571,0.001611900189907,0.000713753770178795,0.0003900142447541
9,0.98166,0.00861,0.00592,0.00381,0.00271014554754701,0.0013916017948952,0.000998665776590614,0.000591514064827616
10,0.97784,0.00984,0.00766,0.00466,0.00303029151512963,0.00127034553479665,0.00135006172698387,0.000701110230673862
11,0.97365,0.01144,0.00897,0.00594,0.00313696597934303,0.00135990195725035,0.00122297451595144,0.00125006666488898
12,0.96837,0.0135,0.01043,0.0077,0.00395981200451629,0.00156418242755334,0.00148627050027914,0.00149592037815446
13,0.96269,0.01545,0.01253,0.00933,0.00439834564858704,0.00193232732446884,0.00181356003484858,0.00161730228054828
14,0.95645,0.01736,0.01491,0.01128,0.00440687594056784,0.00180874419295697,0.00217942398098417,0.00205631817685018
15,0.94999,0.01899,0.01761,0.01341,0.00510804376558297,0.00234636835225087,0.00210261741645978,0.00215944951833152
16,0.94154,0.02213,0.02042,0.01591,0.0057335658867565,0.00259660034147216,0.00271816931857536,0.00240714215062869
17,0.93319,0.02458,0.02296,0.01927,0.00624116264097573,0.00273569004092203,0.00318161384625266,0.00272072294314091
18,0.92406,0.0268,0.02634,0.0228,0.00713242984932592,0.00337111916793881,0.00334139026288293,0.00273170683313972
19,0.91423,0.02916,0.02991,0.0267,0.00844170204007069,0.0039802847469329,0.00356540476118927,0.00292878435153184
20,0.90462,0.03072,0.03313,0.03153,0.00930744027348254,0.0037578953920749,0.00398637958832601,0.00349699871318249
21,0.89459,0.03211,0.03631,0.03699,0.0103284343225658,0.00420329236036071,0.00408178882354293,0.00412134012724556
22,0.88373,0.03354,0.04023,0.0425,0.011051400112404,0.00393677815252806,0.00464998207881851,0.00443220537029191
23,0.87265,0.03535,0.04357,0.04843,0.0124372424596451,0.00472234640359594,0.00508113067032219,0.005036764834693
24,0.8609,0.03793,0.04685,0.05432,0.0136183699465098,0.00478494165760322,0.00502244960153907,0.00591115705913637
25,0.84867,0.03919,0.05087,0.06127,0.0153282636546566,0.00537286391663391,0.00577793696361907,0.00617144859638139
26,0.8359,0.04101,0.05381,0.06928,0.0169142280672548,0.00576607896812614,0.0061487939196778,0.00706506271105297
27,0.82341,0.04214,0.05714,0.07731,0.0183555289884123,0.00645018518252685,0.00647665894664148,0.00747996583474075
28,0.81074,0.04316,0.06078,0.08532,0.0199722696646013,0.00683003172271794,0.00696033204827343,0.00828865355638524
29,0.79821,0.0438,0.06403,0.09396,0.0220221328061869,0.00719274325661326,0.0076773910499162,0.00912873363494509
30,0.78536,0.04454,0.06668,0.10342,0.0244806590325233,0.00740573351457429,0.00846860870115826,0.0102486638695545
31,0.77196,0.04618,0.06902,0.11284,0.0267898488237616,0.00809523865546217,0.00909173006394028,0.0111610632707343
32,0.75848,0.04693,0.07234,0.12225,0.0291224541090433,0.0079771966671674,0.0101181025889245,0.0122761964793661
33,0.74459,0.0477,0.07457,0.13314,0.0314447469557494,0.00805136289360034,0.0103889952460391,0.0143590621792186
34,0.73053,0.04857,0.07739,0.14351,0.0341964276886734,0.00854570067343807,0.0111364716135767,0.0158455356488823
35,0.71694,0.04869,0.07987,0.1545,0.0369276830816364,0.00921272670458282,0.0117258546241486,0.016907394831848
36,0.70239,0.04972,0.08216,0.16573,0.0404005624273282,0.0100210666985994,0.0131613238104852,0.0182867924409334
37,0.68869,0.04977,0.08479,0.17675,0.0428671708109287,0.00956707896904797,0.0147285399442337,0.019708895340824
38,0.67462,0.05043,0.08642,0.18853,0.0451408610167477,0.00932488307939807,0.0152343763319088,0.021695265740607
39,0.65957,0.05182,0.08859,0.20002,0.0474145793330842,0.00933914105020133,0.0158867834657897,0.0236919020389293
40,0.6446,0.05263,0.0909,0.21187,0.0499896211450159,0.0103718690054718,0.0151296618160046,0.0259080446536935
41,0.63037,0.05269,0.09306,0.22388,0.0529176309623425,0.0108085819812057,0.0156785912065537,0.0276605937109897
42,0.61558,0.05313,0.09425,0.23704,0.0552852763199912,0.0103216116312651,0.016163968847065,0.0298371208024129
43,0.60109,0.05329,0.09541,0.25021,0.0574179888575387,0.0104864409808306,0.0164387381240505,0.0319949805091014
44,0.58665,0.05397,0.09597,0.26341,0.0599126818331849,0.0101787414633528,0.0172808210967471,0.0340193556017094
45,0.57278,0.053,0.09721,0.27701,0.0625958607080195,0.00992180539126938,0.0176081073498671,0.0364605860256433
46,0.55902,0.05295,0.09804,0.28999,0.0653698503389241,0.0104600031867427,0.0174452285740256,0.0391662113448711
47,0.5459,0.05182,0.09862,0.30366,0.0681404268975311,0.0102148910909515,0.0176237718248204,0.0421356855883466
48,0.5329,0.05103,0.09879,0.31728,0.0697204895756381,0.00940473285107025,0.0174873573379933,0.0447649614964402
49,0.52008,0.05046,0.09886,0.3306,0.0712219816255253,0.00881012044311667,0.0169509881717852,0.0471589981987649
50,0.50693,0.04999,0.09918,0.3439,0.0731961603425268,0.00899363355070933,0.0168152576218412,0.0488645065461629
51,0.49352,0.05015,0.09942,0.35691,0.0748247998104015,0.00797429899392069,0.0175049707226262,0.0509835801454198
52,0.48071,0.05015,0.09926,0.36988,0.0765033397963775,0.00776949161786021,0.0166845370861099,0.053480646551398
53,0.46793,0.04966,0.09949,0.38292,0.0779376966272134,0.00744926543731364,0.0171363453902322,0.0547761059019147
54,0.45581,0.04877,0.09972,0.3957,0.0795543762327239,0.00738211803391592,0.0172154194449821,0.0564651514948232
55,0.44341,0.04833,0.09866,0.4096,0.0808119140006252,0.00690330838559793,0.0163207570630505,0.0591479688765576
56,0.43193,0.04743,0.09798,0.42266,0.0815800363651141,0.00635610817333304,0.0162497726479822,0.0607989254291006
57,0.42041,0.04643,0.09729,0.43587,0.082765833664757,0.0058615602776811,0.0163939995797921,0.0621917473982235
58,0.40878,0.04588,0.09765,0.44769,0.0836163567199093,0.00566113455452566,0.0160356027499921,0.063853346732093
59,0.39785,0.04518,0.09699,0.45998,0.0838398108829504,0.00508937891866756,0.0158432214737618,0.0651206538323714
60,0.3866,0.04445,0.0956,0.47335,0.0838220602095759,0.00492978475978189,0.0150486618083543,0.0663355317893644
61,0.37621,0.04414,0.09362,0.48603,0.0845966173476615,0.00486671232855291,0.0141428270001282,0.0685105028444544
62,0.36713,0.04175,0.09347,0.49765,0.084919989140105,0.00543859663271081,0.0130480351862732,0.0701500970142673
63,0.35717,0.04068,0.09264,0.50951,0.0853973073996547,0.00512028645032027,0.0131976597252021,0.071227482991703
64,0.34725,0.04051,0.0912,0.52104,0.0856173950394038,0.00537265711212287,0.0125052877704682,0.072805894144789
65,0.3377,0.03966,0.09012,0.53252,0.0863906373527955,0.00552895409036224,0.013032762135821,0.0737918062298699
66,0.32847,0.03953,0.08784,0.54416,0.086217877109874,0.00456290599411287,0.0122581673453525,0.0750598161468572
67,0.31935,0.03875,0.08626,0.55564,0.0852477598271976,0.00499382952585822,0.0115012269876836,0.0764845401953159
68,0.31048,0.03819,0.085,0.56633,0.0849931997279782,0.0049383870511197,0.0110512945445821,0.0772370528524576
69,0.30211,0.03742,0.08364,0.57683,0.0844043107114007,0.00500573004998605,0.0104410727418211,0.0775851081071619
70,0.29372,0.03646,0.08204,0.58778,0.0837977432737767,0.00530161401000781,0.0104793129545787,0.0778007826295968
71,0.28634,0.03429,0.08144,0.59793,0.0827028845392415,0.00514164910855997,0.00928824825010376,0.0785262312861123
72,0.279,0.03341,0.07971,0.60788,0.0823362347666904,0.00495657812070653,0.00833632612925702,0.0789880553557871
73,0.27104,0.03369,0.07787,0.6174,0.0807300742529628,0.00518147340692459,0.00763821532383929,0.0794365155328455
74,0.2643,0.03312,0.07583,0.62675,0.079531978194658,0.00485587845354016,0.00678004424764323,0.0791742698103367
75,0.25842,0.03158,0.07378,0.63622,0.0782166762554153,0.00472623881467424,0.00705609271795974,0.079230659048965
76,0.25275,0.03033,0.0723,0.64462,0.0774638015821297,0.00449791309633948,0.00699428338001828,0.0787888006705973
77,0.24726,0.02956,0.07035,0.65283,0.076390330976287,0.00458262418756376,0.00652708034099304,0.0794100056667924
78,0.24088,0.0292,0.06871,0.66121,0.0750846011731656,0.00469065264352651,0.00689016206872765,0.0789670880810481
79,0.23458,0.02856,0.06819,0.66867,0.0738502659289578,0.00473244123048559,0.00734309199179746,0.0790770517350711
80,0.22913,0.02806,0.06608,0.67673,0.0721059721675134,0.00507218997190672,0.0073829834379094,0.0778719326130339
81,0.22361,0.02745,0.06456,0.68438,0.0705280314642499,0.00589411193951689,0.00783882077299329,0.0777201218046738
82,0.21801,0.0269,0.06375,0.69134,0.0690001682767674,0.00586950688824122,0.008348020390754,0.0771813189832877
83,0.21308,0.0261,0.0622,0.69862,0.0674950664863737,0.00591833309865765,0.00819756061276768,0.0760526542746683
84,0.2083,0.02553,0.06041,0.70576,0.0656627748423717,0.00590330415953642,0.00848180405338393,0.0751729738669424
85,0.20412,0.02402,0.0594,0.71246,0.0639906555678249,0.00597528242010367,0.00904642347990507,0.074703505793087
86,0.19957,0.02394,0.05766,0.71883,0.061847878792333,0.00638195372384769,0.00931154599886017,0.0739261951769015
87,0.19552,0.02338,0.05628,0.72482,0.0599585004630518,0.0062133905576764,0.00952363142690621,0.0724354701326176
88,0.19113,0.02304,0.05538,0.73045,0.0583968045168379,0.00608845902781101,0.0106399456974387,0.0719370442354517
89,0.18668,0.02295,0.0539,0.73647,0.0566063168834637,0.00586083990947069,0.0108992354471923,0.0705943190978487
90,0.18327,0.02229,0.05295,0.74149,0.0545788532512568,0.00647893166776403,0.0109376261897482,0.0692183413394006
91,0.1799,0.02138,0.0519,0.74682,0.0523978583107703,0.00703717114881952,0.0109340446923055,0.0677582598490972
92,0.17643,0.02052,0.05058,0.75247,0.050840361262813,0.00672537483465916,0.0116998385553914,0.0665205406873195
93,0.17415,0.01927,0.0493,0.75728,0.0494991414066951,0.00651904048836091,0.0110868290226637,0.0641581344976786
94,0.17106,0.0193,0.04738,0.76226,0.0481464478902073,0.00640121516241686,0.0113894493087048,0.0627224786925177
95,0.16826,0.01914,0.04577,0.76683,0.0465590473365692,0.00651139172698297,0.0118015112026667,0.0612486017981
96,0.16565,0.01824,0.04498,0.77113,0.0450758434936793,0.00598594650456848,0.0126198080633406,0.0600048896155786
97,0.16328,0.01799,0.04335,0.77538,0.0433483512437965,0.00661453786073609,0.0115862226612281,0.0576215777484635
98,0.16028,0.01784,0.04209,0.77979,0.0417129556213255,0.0062930649660294,0.0118635248649894,0.0561753296978902
99,0.15772,0.01703,0.04114,0.78411,0.03989830962724,0.00604998622587964,0.0124187313719594,0.0547076360707027
100,0.15599,0.01617,0.04042,0.78742,0.0381242253108907,0.00584124225752631,0.0125384563997682,0.053204151884771
101,0.15431,0.01567,0.03927,0.79075,0.0368695734236843,0.00560536449404596,0.0120722869047712,0.05118778608657
102,0.15239,0.01542,0.03782,0.79437,0.0351395456240781,0.00599162378287853,0.012059371643848,0.0497259612498564
103,0.15077,0.01503,0.03706,0.79714,0.0337495366223334,0.00576657996081251,0.0120365369696696,0.0483837254548354
104,0.14884,0.01496,0.03578,0.80042,0.0321016164355906,0.00598167572210701,0.0119293103088336,0.0466957718761679
105,0.14729,0.01419,0.03504,0.80348,0.0306661394882224,0.00586750940916729,0.012466595365215,0.0452330704978854
106,0.14554,0.01398,0.0339,0.80658,0.028970912615549,0.00631291445284101,0.0120282999630039,0.0434563075590491
107,0.14416,0.01345,0.0335,0.80889,0.0274798592912458,0.00599263436784413,0.0124904407893041,0.0418662805183891
108,0.14318,0.01293,0.0326,0.81129,0.0263307087299644,0.00563186371362881,0.0124271208786804,0.0404495694249848
109,0.14235,0.01256,0.03153,0.81356,0.0250009888693316,0.00553979542341893,0.0123107044658072,0.0387666007451431
110,0.14207,0.01189,0.03044,0.8156,0.0237203639657292,0.00560940678186602,0.0121051137036286,0.0371633929798906
111,0.14135,0.01158,0.02922,0.81785,0.0228323479106094,0.0055979758246471,0.0112334619181562,0.0355054064740694
112,0.14074,0.01123,0.02829,0.81974,0.0224229644189463,0.00536574526251687,0.0111598934682291,0.0345940328830148
113,0.13998,0.01101,0.0271,0.82191,0.021675423871288,0.00508340437108834,0.0109296741844292,0.0331048989325347
114,0.13967,0.01049,0.02631,0.82353,0.0207280834725366,0.00477829583754618,0.0105447670012718,0.0314422945868919
115,0.1391,0.01011,0.02571,0.82508,0.0197575864472922,0.00464457867961251,0.0103933151592743,0.0297477468801327
116,0.13878,0.01002,0.02474,0.82646,0.0190947229475697,0.00435195996713614,0.0102923056481799,0.0283778552161129
117,0.13867,0.00902,0.02416,0.82815,0.0180816696623342,0.00406879725608332,0.0100606162833099,0.0271246198130038
118,0.13861,0.00895,0.02287,0.82957,0.0174999333332063,0.00406810084000439,0.00981982688238444,0.0258610410549236
119,0.13912,0.0086,0.022,0.83028,0.016946635195355,0.00420423067344735,0.00925130621407954,0.0245813750632466
120,0.13928,0.00837,0.0213,0.83105,0.0163989024022951,0.00440934613444367,0.00920265662126371,0.0236367533961649
121,0.13941,0.00794,0.02067,0.83198,0.0161558004719323,0.00370980682336246,0.0090514639699885,0.0220760201727274
122,0.14,0.00739,0.02004,0.83257,0.0159815866268375,0.00336599003101448,0.00896898359161542,0.0214030657201772
123,0.1407,0.00723,0.01939,0.83268,0.0157661381165811,0.00316053792889755,0.00846515078293221,0.020498878018077
124,0.14106,0.00712,0.01858,0.83324,0.0149120532903197,0.00321966181798993,0.00780851387197903,0.0192764219824231
125,0.14116,0.00744,0.0176,0.8338,0.0147947588317245,0.00340952913008364,0.00775743371082072,0.0184815223038219
126,0.1418,0.00673,0.01747,0.834,0.0146333712983562,0.00311949069917226,0.00781495006026555,0.0177343358112636
127,0.14219,0.00693,0.01694,0.83394,0.0146894860359374,0.00322250765019349,0.00748601659391992,0.0167945229167131
128,0.14305,0.00661,0.01636,0.83398,0.0141497742424079,0.00304099764331817,0.00705458086005902,0.0162926568326552
129,0.1436,0.00645,0.01593,0.83402,0.013893643630572,0.00305950250131546,0.00711384409287818,0.0155539776977538
130,0.14424,0.00616,0.01537,0.83423,0.013753238002578,0.00314331742661228,0.00682740393154268,0.0154297728074294
131,0.14497,0.00586,0.01511,0.83406,0.0138483893969259,0.00335996031722598,0.00663935237805616,0.0149587729740406
132,0.14554,0.00581,0.01466,0.83399,0.01394817391473,0.00314976189576292,0.00637881911746472,0.01477553909526
133,0.14653,0.0057,0.01394,0.83383,0.0142169734238105,0.0027503535126315,0.00636085249352981,0.0142968566863878
134,0.14758,0.00538,0.01314,0.8339,0.0139717810842665,0.00249746538180879,0.00616985503161226,0.0140752738280054
135,0.14855,0.00524,0.01278,0.83343,0.0139078914449475,0.00240379329856421,0.0057464578461673,0.0136857630810675
136,0.14953,0.00501,0.01241,0.83305,0.0140411340156144,0.0022990094485331,0.00550927500775838,0.0134943815469007
137,0.1503,0.00494,0.01221,0.83255,0.0141011425856993,0.00225496981995079,0.00542882225819847,0.0136985197902709
138,0.15153,0.0049,0.01154,0.83203,0.0139925416641231,0.00215921796542689,0.00532086041496632,0.0137098545255269
139,0.1526,0.00507,0.01123,0.8311,0.0141308960162554,0.00267459238846678,0.00500334332666113,0.0133719440953397
140,0.15391,0.00478,0.01108,0.83023,0.0138863202069119,0.00245347825658911,0.00519439869260897,0.0129022005013787
141,0.15506,0.0045,0.01088,0.82956,0.0140905957606089,0.002185812841434,0.00532223845972935,0.0127947211336898
142,0.15624,0.00428,0.01057,0.82891,0.0140728422462873,0.00189431899226198,0.00518095872723701,0.0126719681887929
143,0.15746,0.00401,0.01044,0.82809,0.0144881714205455,0.00164211922696117,0.00525826333815009,0.0127336343768951
144,0.15836,0.00415,0.01021,0.82728,0.0149696136668029,0.00183862871606955,0.00493298422188165,0.0129668637517156
145,0.15953,0.00401,0.01002,0.82644,0.0151680988334802,0.00166229426463013,0.00511420679197773,0.0132061601787449
146,0.16053,0.00399,0.00978,0.8257,0.0155036232324361,0.00181992063319012,0.00495598403728036,0.013138831336496
147,0.1616,0.00387,0.00953,0.825,0.0158398232313369,0.00182820494839428,0.00492680874851505,0.0131493134590535
148,0.163,0.00363,0.00935,0.82402,0.0157960613937638,0.00175502453290862,0.00475470527185673,0.0128943398435127
149,0.1644,0.00347,0.009,0.82313,0.0161391862661453,0.00158117396611224,0.00431071017608726,0.0132797297495929
150,0.16581,0.00331,0.0087,0.82218,0.0161916610910953,0.00133037171079698,0.00418037744175757,0.0133920208416139
151,0.16715,0.00317,0.00843,0.82125,0.0164748461466429,0.00138968421672775,0.00416441272370227,0.0133747066426811
152,0.16837,0.00334,0.00829,0.82,0.0170201873602431,0.00138900443963773,0.00417038500753961,0.01350037036529
153,0.16987,0.00333,0.0079,0.8189,0.0175400525781551,0.00145070863909868,0.00377624151769984,0.0139077116897225
154,0.17131,0.00318,0.00764,0.81787,0.0178616566358717,0.00142735186038108,0.0036228288517247,0.0142511636951747
155,0.17272,0.00329,0.00743,0.81656,0.018021887926753,0.00125206496104103,0.00344610891683166,0.0146094489971388
156,0.17379,0.00334,0.0072,0.81567,0.0183791216088014,0.00126771886122717,0.0030554141381416,0.015049034668192
157,0.17531,0.00317,0.00701,0.81451,0.0186138807226101,0.00126933928570033,0.00297711642738779,0.0156198200302621
158,0.17671,0.00322,0.00698,0.81309,0.0187897992420237,0.00144898431860236,0.0026873365583376,0.0159934326799749
159,0.17808,0.003,0.00697,0.81195,0.0188691282257554,0.00121289369324402,0.00277970821810092,0.016216401162609
160,0.1793,0.00307,0.00678,0.81085,0.0187271638714106,0.00103069555802542,0.00252709758858304,0.0163428033770899
161,0.1807,0.00294,0.00657,0.80979,0.018521938943378,0.000756012933457858,0.00237255136930689,0.0165903887838712
162,0.18214,0.00294,0.00654,0.80838,0.018409309239259,0.000804432166879912,0.002315263363949,0.0165452779433354
163,0.18334,0.00296,0.00632,0.80738,0.0187470412480358,0.000846167832052247,0.00243438333510198,0.0168555167362037
164,0.18471,0.00291,0.00638,0.806,0.018745989200656,0.000683861584435525,0.00233609360543051,0.0168688404396324
165,0.18568,0.00295,0.0063,0.80507,0.0191293143281892,0.000832999933306653,0.00221810730128188,0.0170545562501312
166,0.18712,0.00295,0.00615,0.80378,0.0192853888273538,0.00103413947049924,0.00223569526844186,0.0170569503591807
167,0.18862,0.00277,0.00619,0.80242,0.0195659454722286,0.000757261146794449,0.00236429458589426,0.0173051565853778
168,0.18989,0.00279,0.00617,0.80115,0.0195942990575207,0.000937431478977412,0.00237442390673799,0.0173092942278611
169,0.19122,0.00276,0.00613,0.79989,0.0199763081896753,0.00106583300755794,0.00231327089252907,0.0176054568560748
170,0.19259,0.00285,0.00608,0.79848,0.019958537577243,0.00123670709727261,0.00232225943617178,0.017672816539659
171,0.19409,0.00272,0.00604,0.79715,0.0201383244365342,0.000981835016690686,0.00237542978567388,0.0178313238743261
172,0.19511,0.00285,0.00604,0.796,0.0198686492299356,0.000815475321515005,0.00249586324411682,0.0176903614685763
173,0.19666,0.00277,0.00608,0.79449,0.0200903072262334,0.000880719402912566,0.00238178271235831,0.0180998741554864
174,0.198,0.00271,0.00608,0.79321,0.0200883050554296,0.00108469145638544,0.00211439510656515,0.0181611581862685
175,0.19949,0.00284,0.00598,0.79169,0.0201699694265179,0.00120018517089841,0.00209167662680231,0.0182210775385724
176,0.20094,0.00276,0.00604,0.79026,0.0204762301217778,0.00112071405808975,0.00223914666285569,0.0183986231368908
177,0.20245,0.00274,0.00584,0.78897,0.0205818285549819,0.00109260138100671,0.00216240606732408,0.0186021533998382
178,0.20376,0.00282,0.00572,0.7877,0.0207686301907468,0.00127436258576592,0.00207835404961608,0.0186793409353161
179,0.20499,0.00299,0.00576,0.78626,0.0207348579289402,0.00107543272944223,0.00209242018299916,0.0187651686791128
180,0.20653,0.00297,0.00587,0.78463,0.0208653380833701,0.00107811564005599,0.00243312784520483,0.0186856480873542
181,0.20793,0.00308,0.00599,0.783,0.020913847087516,0.00100088849417794,0.00242049122654427,0.0189317487599828
182,0.20918,0.00291,0.006,0.78191,0.0211220158970576,0.00103757195198962,0.00234757558155453,0.0193785362364309
183,0.21037,0.00291,0.00582,0.7809,0.0209770800849138,0.00102896927931682,0.00206171449688522,0.0195464120037981
184,0.21181,0.0029,0.00582,0.77947,0.0210943093958747,0.000945163125250522,0.00228706507705108,0.0193990291853312
185,0.21295,0.0031,0.00546,0.77849,0.0213027515176379,0.0010295630140987,0.00197439160812191,0.0198208896537634
186,0.2142,0.00309,0.00552,0.77719,0.0213099350851506,0.00108878117381063,0.00189783502385686,0.0199500737954636
187,0.21541,0.00303,0.00572,0.77584,0.0214347822216343,0.000982117892900621,0.00199543924432135,0.0201334547457708
188,0.21655,0.00297,0.00579,0.77469,0.0212824523440739,0.00114702513776581,0.00197734389747684,0.0199839074146063
189,0.21794,0.00295,0.0059,0.77321,0.0212793170316468,0.000962923788376953,0.00212968437932844,0.0200105222320658
190,0.21951,0.00291,0.00592,0.77166,0.0212347435429141,0.000990454441153151,0.00214258410958979,0.0200807923703778
191,0.22105,0.00286,0.00588,0.77021,0.0214851499102675,0.0010254538290706,0.00231842858658858,0.02029747931805
192,0.22247,0.00291,0.00589,0.76873,0.0213566565215105,0.000946866176159839,0.00243559255851859,0.0200750840595999
193,0.22399,0.00294,0.00562,0.76745,0.0210768145389931,0.00092038639228919,0.00218926674685587,0.0200280497746979
194,0.22518,0.00294,0.00561,0.76627,0.0211254875025932,0.000824890565132397,0.0022486786243382,0.0200797880688241
195,0.22616,0.00298,0.00572,0.76514,0.0210670464100795,0.000964710664741852,0.00227537542689846,0.0201892820850844
196,0.22771,0.00284,0.00564,0.76381,0.0212551405546988,0.000636308799946134,0.00225644755213933,0.0204689168144178
197,0.22876,0.00284,0.00564,0.76276,0.0213848440619883,0.000782020175926143,0.0021823534696897,0.0202838304513171
198,0.23041,0.00287,0.00555,0.76117,0.0215419203724583,0.000761650255111302,0.00196596032513375,0.0204872345078046
199,0.23172,0.0029,0.00543,0.75995,0.0218857030958569,0.000876863095864394,0.00184694943683421,0.020761302142849
200,0.23304,0.00273,0.00544,0.75879,0.0221406212900883,0.000751369120709359,0.00180567008183789,0.021189591260281
201,0.23454,0.00267,0.00541,0.75738,0.0224821015229646,0.000603784361801095,0.00182905561545964,0.0215759536933545
202,0.23584,0.0027,0.0054,0.75606,0.0224799762751951,0.000594418483337567,0.00184451137763426,0.0216618045826699
203,0.23706,0.00294,0.00547,0.75453,0.0223769822213214,0.000815407192075768,0.00179817809030264,0.0215498414533998
204,0.23831,0.00299,0.00528,0.75342,0.0220053756058731,0.000937431478977412,0.00159150522741488,0.0213312394805782
205,0.23948,0.00315,0.00533,0.75204,0.0223668802771717,0.000838318422663953,0.00161661511945313,0.0214646582911435
206,0.24066,0.00297,0.00536,0.75101,0.0221741691564256,0.000964998560735829,0.00146378504797209,0.0213250218184075
207,0.24187,0.00305,0.00518,0.7499,0.022245451470157,0.000940744386111339,0.001348085061609,0.0213982346104637
208,0.24284,0.00309,0.00545,0.74862,0.0221904483956499,0.00103650052259193,0.00117686022959398,0.0212346048808176
209,0.24386,0.00325,0.0054,0.74749,0.0222608375603635,0.000945456973578856,0.00151143787316728,0.0210387182752816
210,0.24511,0.00318,0.00548,0.74623,0.0221762360296883,0.00106228265750903,0.00168707504937457,0.0209148564953772
211,0.24645,0.00307,0.00566,0.74482,0.0221682580882366,0.000929814796373749,0.00180443897098239,0.0210223584679635
212,0.24761,0.00332,0.0058,0.74327,0.0221493641744709,0.000796938586787659,0.00189032625050104,0.0210074616373432
213,0.24869,0.00318,0.00578,0.74235,0.0222623473854648,0.000874070935336486,0.00180419264800384,0.0210440939194086
214,0.24922,0.00349,0.00596,0.74133,0.0224449350881465,0.00103435433430179,0.00167676938055165,0.0211965432192243
215,0.25027,0.00343,0.00613,0.74017,0.02223346076925,0.000978717982305878,0.00180434660380612,0.0210775314810187
216,0.25143,0.00365,0.00612,0.7388,0.0220612304482069,0.00099135149053087,0.0017643380880344,0.0210075647750466
217,0.25226,0.00388,0.00622,0.73764,0.0216052565620293,0.00106645831298431,0.00191821676448611,0.0206157005971447
218,0.25344,0.00391,0.00633,0.73632,0.0218888200788541,0.00115127948146592,0.00198720909820784,0.0208148878343256
219,0.25432,0.00402,0.00648,0.73518,0.0218575590789294,0.00131470317731587,0.00211123976216188,0.0208036214796046
220,0.25565,0.00389,0.00653,0.73393,0.0220312026201224,0.00130677720620872,0.0021097919855337,0.0208301090838345
221,0.25667,0.00381,0.00671,0.73281,0.0224118049250836,0.0014043187355836,0.00211052915955533,0.0211384037030025
222,0.25747,0.00395,0.00684,0.73174,0.022497014616759,0.00112669625207704,0.0021914987261385,0.021128243340767
223,0.25855,0.0037,0.00711,0.73064,0.0228367758962016,0.00104562580942387,0.00213876911641564,0.0213135950354072
224,0.25978,0.00361,0.00725,0.72936,0.0227333235581602,0.00132283365881311,0.00191905648113279,0.0212204932396336
225,0.26063,0.00385,0.00729,0.72823,0.0226423423405501,0.00118626397661828,0.00192726057743454,0.0211949705774218
226,0.26166,0.00406,0.00741,0.72687,0.0229011498983494,0.00134841470706242,0.00176726404994336,0.021320884388578
227,0.26257,0.00404,0.00732,0.72607,0.0228123285381684,0.00141201196091881,0.00189900558772801,0.0213505165173013
228,0.26307,0.00417,0.00753,0.72523,0.0230329739479922,0.00137440896388229,0.00210662974651192,0.021764499636896
229,0.26383,0.00424,0.00781,0.72412,0.0226690219364567,0.00118995798245148,0.00204909193980597,0.0215005839713974
230,0.26458,0.00408,0.00794,0.7234,0.0227686821948239,0.00117643529358822,0.00175701767524152,0.0217070393088407
231,0.26535,0.00403,0.008,0.72262,0.0227088944884794,0.0010562512327409,0.00186428419388128,0.0216078586527114
232,0.26611,0.00424,0.00796,0.72169,0.0229952386375963,0.00134428832886071,0.00192596296260684,0.0218286992537602
233,0.26664,0.00443,0.00807,0.72086,0.0231329106589628,0.00142910228232039,0.00192991076362498,0.0219559761543159
234,0.26743,0.00423,0.00808,0.72026,0.0232844273186084,0.00135896202219848,0.00204982384066968,0.0218432394829867
235,0.26848,0.00423,0.00801,0.71928,0.0231460003744347,0.00129876009246426,0.00200911810393405,0.0217893348019418
236,0.26926,0.00431,0.00804,0.71839,0.023143187142464,0.00115897464261399,0.00225151800644217,0.0217865121373549
237,0.26977,0.0043,0.00793,0.718,0.0230330704278291,0.00124988888395018,0.00217104685450233,0.0217239754904831
238,0.27036,0.00464,0.00816,0.71684,0.0232014942047562,0.00126947058081531,0.00216651281505044,0.0217353884508907
239,0.27108,0.00461,0.00846,0.71585,0.0229934193484426,0.000872353139502576,0.0023945308053516,0.0217073080372077
240,0.27183,0.00464,0.00853,0.715,0.0233800033266797,0.00116923526764767,0.00211715217528956,0.0221529029951181
241,0.27234,0.00469,0.00867,0.7143,0.0232409695724311,0.00107232872240227,0.00213231746646173,0.0220767348632497
242,0.27266,0.00487,0.00892,0.71355,0.0233059935066784,0.00122750876892093,0.00217347647790355,0.022151410790286
243,0.27317,0.00487,0.00918,0.71278,0.0233758683736503,0.00134168219452712,0.00232369437653827,0.0223308854379858
244,0.27376,0.00489,0.0092,0.71215,0.0238231540033361,0.00152785252342408,0.00201108041719978,0.0226493683993371
245,0.27402,0.00528,0.00901,0.71169,0.024013597999652,0.00147783625615289,0.00211158181886892,0.0228165364008943
246,0.2746,0.0052,0.00938,0.71082,0.023977582122567,0.00139761701954911,0.00215499419952816,0.022875304490991
247,0.27538,0.00508,0.00953,0.71001,0.0242842335683052,0.00142032860047713,0.00221562632228451,0.0228323576433875
248,0.27572,0.00516,0.0098,0.70932,0.0242933369923159,0.00158057654740991,0.00246215804168259,0.0230351808231573
249,0.27584,0.00536,0.00976,0.70904,0.0245593249997724,0.00180382310046683,0.00246089414644352,0.0230533294775397
250,0.27618,0.00519,0.00993,0.7087,0.0247649304012302,0.00162374738046149,0.00245268560289872,0.0230555850066746
251,0.27638,0.00547,0.00994,0.70821,0.0246959645826331,0.00147952695142738,0.002850419072503,0.0230335238776489
252,0.27674,0.00555,0.00997,0.70774,0.0245586916046709,0.00147892603676527,0.00288754028350929,0.0231142188081516
253,0.27724,0.00552,0.00998,0.70726,0.024846828547903,0.00149056290634705,0.00272062084417836,0.0231787354654601
254,0.27748,0.00576,0.01007,0.70669,0.025297334071224,0.00149383920003311,0.00267168278223461,0.0234832540807747
255,0.27776,0.00564,0.01033,0.70627,0.0253979964214153,0.00166012047755577,0.00297323243476038,0.0234372945916925
256,0.27791,0.00589,0.01043,0.70577,0.0253368615964084,0.00166095688618873,0.00265917698211725,0.0236680304771366
257,0.27792,0.0061,0.01063,0.70535,0.0253810427944427,0.00155991452757301,0.00264325136484932,0.023718031115588
258,0.27831,0.00625,0.01085,0.70459,0.025857405988313,0.00170570936693343,0.00281039736217734,0.0238698996879147
259,0.27876,0.006,0.01122,0.70402,0.0259643430710486,0.00154272486205415,0.00272674001531336,0.0242739366399437
260,0.27841,0.00604,0.01166,0.70389,0.0261653481621102,0.00157846620348855,0.00255308092747218,0.0245089756801236
261,0.2786,0.00592,0.01156,0.70392,0.0264892011540133,0.00151055545339381,0.00258336559119645,0.0247643919996254
262,0.27868,0.00603,0.01166,0.70363,0.0265545057905015,0.00151220956807507,0.00279690304920758,0.0245041062318588
263,0.27893,0.00624,0.01147,0.70336,0.0267083445137782,0.0014439144326756,0.00299074498337046,0.0242987516826139
264,0.27901,0.00624,0.01155,0.7032,0.0268040399110947,0.00152985111839174,0.00267093408546315,0.0247255603239509
265,0.27941,0.0061,0.01149,0.703,0.0270526831694504,0.00129786148892879,0.00264803910679414,0.0250289166099267
266,0.27984,0.00605,0.01172,0.70239,0.0270727907685927,0.00127562620787683,0.00274663430401646,0.0248867858734532
267,0.27956,0.00661,0.01182,0.70201,0.0276409197467169,0.00133287492119687,0.00264062282215558,0.0252699404211583
268,0.27967,0.00671,0.01184,0.70178,0.0279372332202027,0.0015007035387148,0.00264205307373725,0.02571336876672
269,0.27968,0.0066,0.01199,0.70173,0.0283345411507267,0.00169509095134548,0.00234067891385764,0.026066924551154
270,0.27969,0.00665,0.01221,0.70145,0.0284082323749062,0.00173605555466664,0.00233497561253027,0.0264542477160516
271,0.2795,0.00654,0.01249,0.70147,0.0286350988978367,0.00200953283681114,0.00249508405558699,0.0262342037127953
272,0.27949,0.00691,0.01247,0.70113,0.0287032886230442,0.00206152586422991,0.00290633407883157,0.0261891007863959
273,0.27924,0.00679,0.01267,0.7013,0.0288266157878059,0.00193244232341701,0.00303865832966532,0.026334008430165
274,0.27878,0.00711,0.01274,0.70137,0.028757870420306,0.00191337398330802,0.00299859226230502,0.026295586870973
275,0.27886,0.00722,0.0126,0.70132,0.0289152862302585,0.00191415777824086,0.00304338992280355,0.0266611577643082
276,0.27851,0.00738,0.01281,0.7013,0.0290798689436142,0.00195209289396449,0.0029486154943182,0.0268025289022427
277,0.27823,0.00761,0.01289,0.70127,0.0291148320353122,0.00179347583076984,0.00313349290373822,0.0271061719089132
278,0.27825,0.00745,0.0131,0.7012,0.0296527027061241,0.00182467653145549,0.00323041105055619,0.0274465541249413
279,0.27796,0.00746,0.0133,0.70128,0.0295346576076311,0.00165744113352816,0.00331360830515618,0.0274130463668508
280,0.27763,0.0074,0.01357,0.7014,0.0295804383560037,0.00145143607047182,0.00342573593066755,0.0274932314902737
281,0.27756,0.00731,0.0138,0.70133,0.0298960123688019,0.00197115307483829,0.00309264360126485,0.0276257951117349
282,0.27734,0.00733,0.01386,0.70147,0.0300886911203085,0.0016826236127614,0.00340561627642079,0.0279788034848605
283,0.27723,0.00744,0.0138,0.70153,0.0298829587260402,0.00155863187871073,0.00321282153600573,0.0280617196748722
284,0.2768,0.00748,0.01402,0.7017,0.0298543873567093,0.00162876913308452,0.00311476769242552,0.0279616801275523
285,0.27619,0.0076,0.01428,0.70193,0.029972374317398,0.00139283882771841,0.00300251746224916,0.0279828141702883
286,0.27575,0.00755,0.01424,0.70246,0.0302921790419757,0.00159530561335438,0.00291555216801971,0.0281412390156036
287,0.27538,0.00764,0.0145,0.70248,0.0304384552097434,0.00176773552571896,0.00294127712246077,0.0282720042130412
288,0.27505,0.00767,0.0149,0.70238,0.0303012375984876,0.00190324284665235,0.00337474278855276,0.0278923645465923
289,0.27488,0.00756,0.01497,0.70259,0.0303271715353301,0.00169718721549641,0.00329276985732883,0.0280093020262912
290,0.27426,0.00798,0.01481,0.70295,0.0308853507166244,0.00215293081893291,0.0031564572264205,0.0284632023653153
291,0.2739,0.00788,0.01473,0.70349,0.0307702237019276,0.00157536591869247,0.00338429378814021,0.028578447590215
292,0.27386,0.00788,0.01458,0.70368,0.0307010387084505,0.00185520289396545,0.00324475645379502,0.028751687873159
293,0.27341,0.00792,0.01453,0.70414,0.0307738507322189,0.00155263217365436,0.00369355294172607,0.0288904136349759
294,0.27306,0.00794,0.01473,0.70427,0.0307948841350132,0.00170958084531462,0.00324826449388319,0.0289668028381916
295,0.27276,0.00791,0.01478,0.70455,0.0308426184217733,0.00185678934364312,0.00337599368087876,0.0290575387043631
296,0.27248,0.00812,0.0149,0.7045,0.0313624262100013,0.00171516115213055,0.00342993359184175,0.0292041473462627
297,0.2721,0.00829,0.01517,0.70444,0.0312683013076609,0.00177040485012139,0.00304851512124254,0.0292325237440157
298,0.27153,0.00807,0.01551,0.70489,0.0312143503322858,0.00177767013563009,0.00338836243634001,0.0290579287324858
299,0.27117,0.0085,0.01529,0.70504,0.0314337769498566,0.00202210011841375,0.00294409012543208,0.0292583587296956
300,0.27073,0.00831,0.01557,0.70539,0.0312701153037707,0.00177479263264441,0.0027552172731424,0.0295351936961088
301,0.27033,0.00842,0.01548,0.70577,0.0314007094753535,0.00198315125214616,0.00268361282188355,0.0294654995998145
302,0.26974,0.0085,0.01562,0.70614,0.0314449501333503,0.00172046505340853,0.00316431491620049,0.0296582085320967
303,0.26876,0.00887,0.01588,0.70649,0.0317995178160508,0.00209340233431926,0.00345375801764461,0.0299886070959549
304,0.26774,0.00876,0.01607,0.70743,0.032182127545166,0.00206892349893476,0.00360001543206569,0.0300028906014811
305,0.26714,0.00905,0.01618,0.70763,0.0323270853069751,0.00202936771762373,0.00380169552816752,0.0305196858146053
306,0.26643,0.00896,0.01684,0.70777,0.0321234441906012,0.00205545345091756,0.00388221013799557,0.0304148373879153
307,0.26599,0.00858,0.01697,0.70846,0.0322414312475251,0.00185100573262814,0.0042773434122907,0.0303136272986259
308,0.26557,0.00849,0.01685,0.70909,0.0323472839320054,0.00169407464088478,0.00432852297107352,0.0306373211042422
309,0.26526,0.00883,0.01645,0.70946,0.0322865021676586,0.00179756007471857,0.00396631651115574,0.0303946340293444
310,0.2647,0.00905,0.01655,0.7097,0.0324856891569195,0.00186443318762328,0.0041202076538824,0.030454337403179
311,0.26413,0.00878,0.01672,0.71037,0.032707595108442,0.00161093485625928,0.00423787158318366,0.0303243228375434
312,0.26373,0.00871,0.01688,0.71068,0.0323816151542816,0.00135273385737509,0.00421077981693019,0.0301313347419814
313,0.26301,0.00875,0.01712,0.71112,0.0324983230336582,0.00149238809370158,0.00395412583400062,0.0300830258525376
314,0.26217,0.00881,0.01715,0.71187,0.032672314137678,0.00146017502756043,0.0041250589221381,0.0300863590352837
315,0.2612,0.00902,0.01683,0.71295,0.032470294116315,0.0016995424220785,0.00389702165477404,0.0302389833015449
316,0.26047,0.00878,0.01697,0.71378,0.0325946502086189,0.00148009008734829,0.00363472450430871,0.0304243981041532
317,0.25961,0.00895,0.01739,0.71405,0.0325428077051341,0.00153713297335584,0.00342618997981399,0.0309590500141361
318,0.25924,0.00883,0.0174,0.71453,0.0326311780016869,0.00162415790146429,0.0028882905363246,0.0311400438877875
319,0.25829,0.00877,0.01739,0.71555,0.0327563886898419,0.00157201215714835,0.00261212982491725,0.0313205736431077
320,0.25764,0.00884,0.0176,0.71592,0.0330778274175718,0.00152767070331855,0.00289443911281232,0.0312946498799892
321,0.25703,0.0088,0.01789,0.71628,0.0331164628411778,0.00122111060560095,0.00319668230792141,0.0315534396786714
322,0.25674,0.0089,0.01815,0.71621,0.0330686558541468,0.00175689119374726,0.00345229392336941,0.031409144103801
323,0.25608,0.00916,0.01772,0.71704,0.0330112034854162,0.0018596295927475,0.00324133031674068,0.0313455720778691
324,0.25538,0.00907,0.01762,0.71793,0.0327344466884657,0.00146973164595143,0.00317378148096067,0.0314920113326821
325,0.25475,0.00892,0.01791,0.71842,0.0327353784154086,0.00146120194056506,0.00292553888673143,0.0315045252481467
326,0.25419,0.0093,0.01783,0.71868,0.032821248198893,0.00173461491083436,0.00309050517265741,0.0315093213721485
327,0.25358,0.00911,0.01814,0.71917,0.0329968281303926,0.00181196639654885,0.00282300076750491,0.0315872354669484
328,0.25313,0.0089,0.01831,0.71966,0.0325137936540444,0.00156773013550731,0.00287767267075323,0.0316372565182255
329,0.25266,0.009,0.01788,0.72046,0.0322023187570916,0.00134494940012213,0.00252885569202972,0.0315467272470537
330,0.25195,0.00905,0.01785,0.72115,0.0320251723908969,0.00122315620879392,0.00267384450640729,0.0314674523207004
331,0.25143,0.00909,0.01779,0.72169,0.0323296234985123,0.00154016593622607,0.00234920790433239,0.0312784075326379
332,0.25073,0.00873,0.01814,0.7224,0.0319822190182816,0.00144840908892788,0.00193114819041246,0.031559538089846
333,0.25003,0.00915,0.01788,0.72294,0.0321897516472419,0.00137457064003435,0.00206117550064143,0.0315087007384028
334,0.24964,0.0091,0.01787,0.72339,0.0323168755365435,0.00158954920234218,0.00229591424539817,0.0312712310101296
335,0.24915,0.0093,0.0178,0.72375,0.032431474766892,0.00114406682011537,0.00269979423084221,0.0310313551105974
336,0.24873,0.00905,0.01809,0.72413,0.0326191508166598,0.000986858089539164,0.002564479587666,0.0308626005241151
337,0.24801,0.00882,0.01833,0.72484,0.0325155159543529,0.00135548269385239,0.00224897507520401,0.0311481477958339
338,0.24737,0.00884,0.01829,0.7255,0.0322162502128627,0.00124739729036101,0.00198295514601594,0.0311113769829909
339,0.24686,0.00867,0.01795,0.72652,0.0322746271172194,0.00138487865493295,0.00222573333732702,0.0310564289282876
340,0.24621,0.00915,0.01795,0.72669,0.0324009756368882,0.00134432965533839,0.00262138640163305,0.0312782654392613
341,0.24597,0.00892,0.01822,0.72689,0.0324236213619365,0.000970452357294153,0.00248855156444243,0.0312107335525599
342,0.24521,0.00892,0.01815,0.72772,0.0320879156900746,0.000752477389841198,0.00237872514875791,0.0313982589750876
343,0.24445,0.0092,0.01809,0.72826,0.0319944526441694,0.000785988408170106,0.00221181172596383,0.0313348652107804
344,0.24363,0.00923,0.0182,0.72894,0.0316784206256141,0.00135896202219848,0.00221409625405542,0.0310745054488224
345,0.24298,0.00943,0.01799,0.7296,0.0317512484443963,0.00131237697836153,0.00208457296452881,0.0309831495422198
346,0.24269,0.00907,0.01841,0.72983,0.0311563244872619,0.00104141997078775,0.00205180137656862,0.0308704479325382
347,0.2419,0.00927,0.01844,0.73039,0.0311715325969777,0.000871843512971858,0.00208710325571113,0.0307550700427317
348,0.24137,0.00918,0.01822,0.73123,0.0311629783913897,0.00105914011243923,0.0019606121493044,0.0309151904409466
349,0.2406,0.00937,0.01831,0.73172,0.030798737347856,0.000967298643990917,0.00167693503485112,0.0307026166094466
350,0.23985,0.0093,0.01838,0.73247,0.0306683785754064,0.000926162932629987,0.00201041731433496,0.030789141303749
351,0.23906,0.0089,0.01877,0.73327,0.0305391624712343,0.00108627804912002,0.00210081994574605,0.030878941044019
352,0.23869,0.00916,0.01849,0.73366,0.0307323372940549,0.00150864177325169,0.00196324561207541,0.0310541891967359
353,0.2382,0.00907,0.01828,0.73445,0.0305305311669046,0.00117572672561839,0.00166052200627795,0.0311205987517379
354,0.23747,0.00937,0.01812,0.73504,0.0302315159321453,0.0011972654026758,0.001810954321775,0.0310206454549941
355,0.23746,0.00896,0.01813,0.73545,0.0299660252063344,0.00114328960071852,0.00187856328080797,0.0309319054986559
356,0.23706,0.00885,0.01817,0.73592,0.0293419759995055,0.00105961208835016,0.00161110727968893,0.0305563159501345
357,0.2363,0.00894,0.01811,0.73665,0.0290161640775926,0.00161809215504625,0.00166763305316248,0.0303237439054686
358,0.23579,0.00904,0.01798,0.73719,0.0284520434727943,0.00149086104874554,0.00158099827816337,0.0301774547929042
359,0.23524,0.0088,0.01828,0.73768,0.0280534093788576,0.00141578403877302,0.00180419264800384,0.0297638035203836
360,0.23454,0.00891,0.0181,0.73845,0.0275874850853305,0.00158986372581636,0.00175562587763516,0.0296216606181655
361,0.23411,0.00893,0.01797,0.73899,0.0273207877713005,0.00152173146996001,0.00175375787002273,0.0295382783670425
362,0.23355,0.00912,0.01786,0.73947,0.0271303950087966,0.0013612086132878,0.00208869975503103,0.029409410814303
363,0.23296,0.00912,0.01788,0.74004,0.026861877157869,0.00132564449734208,0.00228560714034586,0.0293503814095982
364,0.23208,0.00927,0.01825,0.7404,0.0266053795729778,0.00146973164595143,0.00228679785823856,0.0291316551766859
365,0.23161,0.00906,0.01808,0.74125,0.0263504775415298,0.00155863187871073,0.00263303795811775,0.0288105401237502
366,0.23096,0.00902,0.01803,0.74199,0.0260562297946405,0.00172613891548611,0.00260044867923467,0.0287465340906034
367,0.23045,0.00912,0.0176,0.74283,0.0254409665260143,0.00197585424563655,0.00260895892391327,0.0284096247384188
368,0.22989,0.00916,0.01767,0.74328,0.024997753232374,0.00193172346767221,0.00297696713675736,0.0284369399822758
369,0.22957,0.00895,0.0178,0.74368,0.0242616318036891,0.00207163381577601,0.00333566585057117,0.0284134084153552
370,0.22884,0.00915,0.0179,0.74411,0.0234174294063204,0.00229649491375202,0.00359165699921359,0.0280493790780949
371,0.22829,0.00935,0.0178,0.74456,0.0229210456422331,0.00229504296740218,0.00389472577839427,0.027498088822478
372,0.2277,0.00919,0.01785,0.74526,0.0220041915199001,0.00263331223620241,0.00378483817355511,0.0271499621444385
373,0.22746,0.00911,0.01791,0.74552,0.0217453034520611,0.00216817895940349,0.00392441078379927,0.0267695017178546
374,0.22736,0.00892,0.0181,0.74562,0.0209571626578282,0.00223348258207769,0.00414782406141394,0.0261825132483495
375,0.22705,0.00864,0.01818,0.74613,0.020510552839399,0.00225151800644217,0.00394371511254159,0.0256110241020455
376,0.22684,0.00857,0.01809,0.7465,0.0201849338754318,0.00239260434580303,0.00391306926990963,0.0254360636367606
377,0.22631,0.00872,0.01772,0.74725,0.0196086970500337,0.00274299106815899,0.00412816881653086,0.0251551298059771
378,0.22605,0.00834,0.01744,0.74817,0.0193511555784719,0.0026500314463543,0.00369660504908069,0.0242315244625215
379,0.22534,0.00833,0.01751,0.74882,0.0188145452007512,0.00244996598615845,0.00430179549077411,0.0237359923604077
380,0.22528,0.00855,0.01735,0.74882,0.0183150090241735,0.00226874904346475,0.0045387834885083,0.0230432829451207
381,0.22519,0.00824,0.01694,0.74963,0.0182012484309304,0.00209242018299916,0.00449893814632347,0.0225456598434772
382,0.22474,0.00849,0.01702,0.74975,0.0174853716638287,0.00256231232375065,0.00427623926157345,0.0219634671417991
383,0.22397,0.00877,0.01701,0.75025,0.0171892117329446,0.00241525245977402,0.00426912689486322,0.0216490312844607
384,0.22371,0.00867,0.01695,0.75067,0.0167980455212305,0.00222912538902593,0.00426959534902834,0.0210669330151939
385,0.22281,0.00865,0.01717,0.75137,0.0165308768336374,0.00212354525368414,0.00433155091547281,0.020778142896376
386,0.22263,0.00822,0.0175,0.75165,0.0163568572096775,0.00216374161529924,0.0042882267767562,0.0203853024396391
387,0.22224,0.00858,0.01739,0.75179,0.0156479462621209,0.00207781936975603,0.00387970502887927,0.0196684434225656
388,0.22154,0.00881,0.01746,0.75219,0.0149676094729029,0.00246281230394126,0.00368154556915676,0.0194166280400188
389,0.22131,0.00826,0.01787,0.75256,0.0144893409097861,0.00244231220135528,0.00390613477607838,0.0190329071756144
390,0.22098,0.00839,0.01754,0.75309,0.0142535609585815,0.00281718930062493,0.00381377619805999,0.0189501949564876
391,0.22079,0.00838,0.01739,0.75344,0.0139233177719169,0.00229094837227827,0.00441473542682785,0.0187836335379737
392,0.2204,0.00898,0.01714,0.75348,0.0136554425454143,0.00235787097941248,0.00430328040246301,0.0185222268879552
393,0.21994,0.00888,0.01725,0.75393,0.0132728796172245,0.00224687437219895,0.00424061054304422,0.0178006897494326
394,0.2197,0.0087,0.01717,0.75443,0.012478514868899,0.00207257220756131,0.0041462298805327,0.0168751658428065
395,0.21969,0.00845,0.01704,0.75482,0.0120370215954317,0.00188281703837627,0.00441794321174709,0.0163925321750824
396,0.21944,0.00815,0.01702,0.75539,0.0116595406808711,0.00180385389898653,0.00424546817206301,0.0160564594132358
397,0.21918,0.00812,0.01719,0.75551,0.0113063207494255,0.0020454828280873,0.00390909196617322,0.0154585071868031
398,0.21858,0.00862,0.01678,0.75602,0.0106206088965432,0.00206817149514573,0.00382732863031703,0.0146304704868527
399,0.21816,0.00866,0.01658,0.7566,0.00991420977968268,0.00191206694443474,0.00395075238966509,0.0142549796367601
400,0.21808,0.00854,0.01657,0.75681,0.0094345464473215,0.00229405027553161,0.00437392526481903,0.0141710542225262
401,0.21798,0.00833,0.01663,0.75706,0.00902586407067059,0.00216848641529831,0.00427188482990822,0.013503925355244
402,0.2176,0.00848,0.01646,0.75746,0.00824755856130905,0.00221900878772483,0.00447417279753724,0.0127819490775946
403,0.21741,0.00836,0.01652,0.75771,0.00799700638433602,0.00205220748355413,0.00453450965130495,0.0123080326074749
404,0.2173,0.0082,0.01649,0.75801,0.00755836549056004,0.00220302821891444,0.00468103739689303,0.012255742418239
405,0.21711,0.00813,0.01654,0.75822,0.0074719401020678,0.00192933494586433,0.00483648173319775,0.0120336380386168
406,0.21666,0.00818,0.0165,0.75866,0.00724817218338528,0.00199321069856874,0.00478098083846587,0.0114921422429995
407,0.21673,0.00789,0.0161,0.75928,0.00684901452765287,0.00218400752949455,0.00423871049573649,0.0108764577567025
408,0.21682,0.00775,0.016,0.75943,0.00646628864874503,0.00238758362273566,0.00426796855137846,0.010260068225894
409,0.21679,0.00766,0.01597,0.75958,0.00659805526904204,0.0023267526249642,0.00413979333891064,0.00999808870623669
410,0.21682,0.00774,0.01581,0.75963,0.00660989157752733,0.00217878661440516,0.00438062654067759,0.00991945899062376
411,0.21681,0.00758,0.01579,0.75982,0.0063558284712188,0.00208635780461763,0.00438189456742172,0.0095103218779504
412,0.21673,0.00759,0.01553,0.76015,0.00632473978384355,0.00212155603272692,0.00411313613789878,0.00910534031336679
413,0.2167,0.00778,0.01553,0.75999,0.00645514437397715,0.00237102884372539,0.00382914263684879,0.00839688434281828
414,0.21643,0.00788,0.0154,0.76029,0.00668016134203026,0.00216322804058092,0.00366424162230968,0.00818758545332846
415,0.2166,0.0076,0.01558,0.76022,0.00689782574439221,0.00222061052665953,0.00380811997943576,0.00802437951910716
416,0.21588,0.00782,0.01565,0.76065,0.00682947858754808,0.0017743856526822,0.00381728524827091,0.00800322851520977
417,0.21579,0.00772,0.01543,0.76106,0.00697144174471823,0.00195947838864213,0.0033777211252559,0.00745090598518059
418,0.21574,0.00788,0.01547,0.76091,0.00679185787051918,0.00197978674496915,0.00316264657104352,0.00687967214981128
419,0.21564,0.0079,0.01548,0.76098,0.00714425954486848,0.00199164923283862,0.00322931021186328,0.00658344725639827
420,0.21568,0.00781,0.01535,0.76116,0.00728130025018426,0.00188941495942233,0.00350404528129037,0.0067562645826752
421,0.21573,0.00757,0.01536,0.76134,0.00749741436911568,0.00145300454996611,0.00383121680699777,0.006859251659863
422,0.21575,0.00752,0.01528,0.76145,0.00765321283296542,0.00146575729383976,0.00364898768305829,0.00654968192611925
423,0.21587,0.0073,0.01524,0.76159,0.00781096807202681,0.00141813649241218,0.00347409460627274,0.00638025600322328
424,0.21575,0.00716,0.0153,0.76179,0.00778848865670071,0.00158127936951206,0.00317595130105401,0.00630404631962679
425,0.21552,0.00743,0.0153,0.76175,0.00835221860080036,0.00195848580966691,0.00331058907144937,0.00606872675644936
426,0.21595,0.00724,0.01486,0.76195,0.00826575935881137,0.00136316624893012,0.00326401252720908,0.00612939184947777
427,0.21568,0.00746,0.01461,0.76225,0.00862693456564961,0.00158478880471675,0.0031042801992661,0.00624344100280892
428,0.21527,0.00764,0.01429,0.7628,0.00899988271528518,0.00160844990941935,0.00317295866135483,0.0064060735070539
429,0.21591,0.00746,0.01418,0.76245,0.00921935765417285,0.00119647630797921,0.00297687382631138,0.0067907207930299
430,0.21616,0.00741,0.01432,0.76211,0.00955047410108815,0.00121969941652305,0.00306115446631931,0.00710405987212007
431,0.21639,0.00735,0.01419,0.76207,0.0100241319934557,0.00157990857682054,0.00304428426180386,0.00706824667871114
432,0.21663,0.00727,0.01467,0.76143,0.00991150285723053,0.00135814415860598,0.00309445741070493,0.00744058689441454
433,0.21652,0.00733,0.01475,0.7614,0.00999141854014956,0.0011832629087025,0.00332807919243384,0.00756850198006332
434,0.21676,0.00719,0.01488,0.76117,0.0107106592804655,0.0013641847382228,0.00334192226786388,0.00806997865892813
435,0.21653,0.00725,0.01473,0.76149,0.0110699844424261,0.00122859449959881,0.0035907442744429,0.00842554976775338
436,0.21632,0.0075,0.01462,0.76156,0.0112066250247095,0.0015783254135669,0.00317413155226924,0.00853609330366585
437,0.21597,0.00773,0.01446,0.76184,0.0114736461317035,0.00163166581545773,0.00318196305586487,0.00846538047973431
438,0.21608,0.00766,0.01449,0.76177,0.0116619800110349,0.00176647797734488,0.00325250330941842,0.00903770496924474
439,0.21572,0.00773,0.01454,0.76201,0.0118717966439607,0.00177078137178667,0.00297104545759756,0.00933338690460817
440,0.21585,0.00746,0.01452,0.76217,0.0122649681795121,0.00171412433102801,0.00269476859447667,0.0097325399220005
441,0.21623,0.00732,0.01438,0.76207,0.0126862173681169,0.00191125322469025,0.00261100236180156,0.00980442643798085
442,0.21606,0.0076,0.01428,0.76206,0.0126688770001308,0.00156133845715072,0.00234179418395383,0.0103515108934772
443,0.21592,0.00763,0.01425,0.7622,0.0128213190515727,0.00151661172061642,0.00249321300957442,0.0104753679330768
444,0.21556,0.00811,0.01394,0.76239,0.0125370739098971,0.00128101522239199,0.00210723620993102,0.0106052869414793
445,0.21551,0.00793,0.01441,0.76215,0.012834367923665,0.00137198153534708,0.00214292116306483,0.0106151097759541
446,0.21575,0.0076,0.01461,0.76204,0.0129903596734057,0.00133666251038423,0.00203712760741415,0.0108506221019811
447,0.21576,0.00752,0.01473,0.76199,0.0131661350103632,0.00152665211055652,0.0020736709264276,0.0111307831410613
448,0.2155,0.00747,0.0148,0.76223,0.0134299830396186,0.00153191963815919,0.00191659420152867,0.0112736713925263
449,0.21535,0.0074,0.01473,0.76252,0.0132932104641597,0.00143990740443035,0.00195280425144059,0.0110746758166749
450,0.21549,0.00735,0.01443,0.76273,0.0129427328386757,0.000945456973578856,0.00198497131241515,0.0115821750020356
451,0.21569,0.00725,0.01444,0.76262,0.0129017182318222,0.000960613230065971,0.00193229857366241,0.01155333525678
452,0.21591,0.00691,0.0142,0.76298,0.0126695128381306,0.000985956951956378,0.00203851798018942,0.0116038116343055
453,0.21609,0.00697,0.01414,0.7628,0.0124565422346831,0.00064126610874287,0.00183678463021057,0.0114319241114035
454,0.21636,0.00704,0.01396,0.76264,0.0125235955078581,0.000627517153373338,0.00155363373347059,0.0114677518866312
455,0.21634,0.00706,0.01384,0.76276,0.012305843237169,0.000894675608499776,0.00179394041769013,0.0111827446442176
456,0.21633,0.007,0.01396,0.76271,0.0126344370670007,0.00121380943040221,0.00173282043693704,0.0114005311767089
457,0.21619,0.00714,0.01401,0.76266,0.0129141137262041,0.00122673912829456,0.00174893618459273,0.0114207608230703
458,0.21619,0.00737,0.01376,0.76268,0.0130304301967015,0.0010791457526931,0.00199064478666252,0.0114284051575206
459,0.21635,0.0073,0.01389,0.76246,0.0129478655469626,0.00118602979164381,0.00212050832480223,0.0112003174558184
460,0.21656,0.00698,0.01399,0.76247,0.0128840297353826,0.00108402541995615,0.00225410736212808,0.0112784011869295
461,0.21661,0.00682,0.01423,0.76234,0.0134207509311348,0.000984095749632344,0.00257727246005022,0.0113863661162521
462,0.21659,0.00687,0.01422,0.76232,0.0132891308970903,0.00124011648198421,0.00251431457414894,0.0112163372908549
463,0.2167,0.00711,0.01398,0.76221,0.0134484199815443,0.00129310135376586,0.00229966181088534,0.0112711480239494
464,0.21666,0.0073,0.0141,0.76194,0.0135045835840198,0.00131064021675583,0.00236502290334224,0.0111274635224944
465,0.21702,0.00717,0.01419,0.76162,0.0139259789203089,0.00126846363763413,0.00245060083335586,0.0116677904220693
466,0.21724,0.00707,0.01408,0.76161,0.0140946956137564,0.00126319700231859,0.00246342128846132,0.0121182552832952
467,0.21722,0.00708,0.01394,0.76176,0.0137796790802818,0.00119888837400875,0.00234767023995185,0.0120308122936253
468,0.21752,0.00692,0.01359,0.76197,0.0135100620937795,0.00135548269385239,0.00219972220468353,0.0120503619124996
469,0.21761,0.00695,0.0133,0.76214,0.0140130455092547,0.00156436000403431,0.002,0.0125983420425952
470,0.2178,0.00692,0.01345,0.76183,0.0142451551218105,0.00111035529849183,0.00184526420872459,0.0132931937471776
471,0.21771,0.00714,0.01362,0.76153,0.014246204172808,0.000964019363567628,0.00195664111283711,0.013555896625946
472,0.21764,0.00722,0.01377,0.76137,0.0140591765208509,0.00066131182760732,0.00195109655777918,0.0135552408888797
473,0.21789,0.00721,0.01363,0.76127,0.0140605397399167,0.00105245744173656,0.00161523992025953,0.0137016665653002
474,0.21783,0.00715,0.01348,0.76154,0.0137323664708195,0.000965228815704684,0.0014257941257029,0.0139740394223638
475,0.21776,0.0072,0.01331,0.76173,0.0136303745770654,0.000903081145609605,0.00144487600390714,0.0138680327852703
476,0.21772,0.0071,0.01342,0.76176,0.0133210610188028,0.00101762250149825,0.00152300871814824,0.0138161901807666
477,0.21805,0.00695,0.01359,0.76141,0.013454222798479,0.00112373385540251,0.00159753282004193,0.0139764444691774
478,0.21802,0.00705,0.01397,0.76096,0.0133612042038799,0.000994708220758452,0.00190732506114949,0.0139857228788663
479,0.21795,0.0067,0.01424,0.76111,0.013123028952528,0.00112249721603218,0.00206569869804653,0.0140367335548157
480,0.21801,0.00694,0.01417,0.76088,0.0130099491842888,0.00092520268049763,0.00215718437887086,0.0135576792507666
481,0.21802,0.0071,0.01418,0.7607,0.0129107879095137,0.00102848324136943,0.00174151913250727,0.0133444120639814
482,0.21782,0.00712,0.01455,0.76051,0.0128592206433965,0.00113117441429496,0.00167812726308558,0.0131177953771034
483,0.21796,0.00709,0.01466,0.76029,0.0126630872135423,0.00110297577287788,0.00181610082931048,0.0132385338228135
484,0.21768,0.00751,0.01436,0.76045,0.0127211809374934,0.00132199344426009,0.00202605253853124,0.0132962191785652
485,0.21745,0.0074,0.01454,0.76061,0.0127753451790722,0.00111654228162961,0.00240517959597384,0.0134431684426618
486,0.21759,0.00716,0.01467,0.76058,0.0128266606029092,0.000964019363567628,0.0023376388847629,0.0131972892839569
487,0.21786,0.00696,0.01493,0.76025,0.0124706945364812,0.000913114328974076,0.00227891299624282,0.0130921732344176
488,0.21782,0.00727,0.01478,0.76013,0.0125628022351703,0.00102529128652409,0.00200321963071673,0.0131721127977085
489,0.21764,0.00736,0.01507,0.75993,0.0123790324518698,0.0010046558282981,0.00176575448148628,0.0129553978454285
490,0.21813,0.00718,0.01468,0.76001,0.0121679953612381,0.00110935416647105,0.00159429538598648,0.0127726661273205
491,0.21832,0.0072,0.01445,0.76003,0.0117756622838048,0.00138804418757713,0.00175894539110482,0.012896343150935
492,0.21854,0.00726,0.01428,0.75992,0.0115805584206174,0.00121856017040148,0.00178250759699176,0.0127295631416706
493,0.21862,0.00748,0.01433,0.75957,0.0114232511425893,0.0012416834450768,0.00191604337691562,0.0124837716878977
494,0.21906,0.00725,0.0141,0.75959,0.011442144321178,0.00143158808476616,0.00155706276188355,0.0123252631254311
495,0.21894,0.00746,0.01418,0.75942,0.0115043180299109,0.00166546623435535,0.00147633179047108,0.0122423490846778
496,0.2192,0.00748,0.01419,0.75913,0.0113059473041601,0.00144129571335425,0.00207495649218109,0.0122411918446603
497,0.21887,0.00773,0.01414,0.75926,0.0112833259478065,0.00137683211273803,0.00188750275937988,0.0123535150193511
498,0.21913,0.00756,0.01424,0.75907,0.01102180162728,0.0012685950233756,0.00197270260190317,0.0119673676674901
499,0.21916,0.00751,0.01445,0.75888,0.0110342094314807,0.00127231198130717,0.0020624957912415,0.0119743058253913
500,0.21917,0.00766,0.01428,0.75889,0.0108762789797083,0.00102653678832167,0.00222251109233577,0.01214326059087
501,0.21914,0.00737,0.01448,0.75901,0.01069352867652,0.00130983459515569,0.00215602514930704,0.0119707467510502
502,0.21933,0.00712,0.0145,0.75905,0.0103488109891373,0.00119888837400875,0.00219696760710454,0.0116827745943428
503,0.21939,0.00721,0.01408,0.75932,0.0100969137198783,0.0012862088995701,0.00239480920140021,0.0117797189176049
504,0.21931,0.00728,0.01423,0.75918,0.00995159953642294,0.00151422880995208,0.00284567898556546,0.0116630280040058
505,0.21956,0.00723,0.0142,0.75901,0.00940947513000711,0.00168921414996573,0.00270020575347715,0.0108788735119445
506,0.21939,0.00723,0.01412,0.75926,0.00921417386421594,0.00163913934056192,0.00290317833493646,0.0108047520409617
507,0.21949,0.00687,0.01417,0.75947,0.00886797609378825,0.00149892554110529,0.00287481400364538,0.0102766239592582
508,0.21954,0.00698,0.01394,0.75954,0.00875331048486482,0.00131385776331467,0.00295529656342266,0.0100913824622794
509,0.21957,0.0071,0.01365,0.75968,0.00881388424904455,0.0013589211407093,0.00295381109754839,0.00955356826880233
510,0.21996,0.00679,0.01377,0.75948,0.00880355988601581,0.00159056244419667,0.00292652619252853,0.00943960921978354
511,0.22022,0.00665,0.01356,0.75957,0.00886175302446794,0.00172707202449052,0.00297776948589227,0.00929863191848972
512,0.22074,0.00643,0.01335,0.75948,0.00891306157651043,0.00160003472184547,0.00336295174577995,0.0095654238449393
513,0.22105,0.00653,0.01319,0.75923,0.00874226642365824,0.0013597793938724,0.00308164818815444,0.00921894787923222
514,0.22101,0.00678,0.01307,0.75914,0.00865543502982696,0.00152810703522728,0.00307681292537876,0.00900286374191878
515,0.22135,0.0068,0.013,0.75885,0.00913458020685984,0.00139283882771841,0.00340261337471329,0.00924472822748185
516,0.22161,0.00696,0.01291,0.75852,0.00908178274226915,0.0010637460014287,0.00337390311393529,0.00912819806971781
517,0.22161,0.00707,0.013,0.75832,0.00867428511303509,0.00112846995726268,0.00363898642787002,0.00882984836915233
518,0.2217,0.00727,0.01294,0.75809,0.00842891847550246,0.00123832323907954,0.0032507093243031,0.00840363016796907
519,0.2215,0.00724,0.01302,0.75824,0.00851651989436479,0.00112566030005109,0.00298581833190017,0.00835054223123
520,0.22196,0.00691,0.01326,0.75787,0.00845750160114282,0.00133703652405859,0.00277176237557744,0.00811528735713585
521,0.22197,0.00708,0.01328,0.75767,0.00855713477488554,0.00127784540883821,0.00294422221383584,0.00800445015114856
522,0.22196,0.00702,0.01315,0.75787,0.00884335280812029,0.00142345432740999,0.00284380418141303,0.00770426288924947
523,0.22196,0.00722,0.01323,0.75759,0.00906387211834863,0.00114095476587715,0.00296462476546358,0.00737856505170364
524,0.22203,0.00693,0.01338,0.75766,0.00860336497475778,0.00111559650212591,0.00276839303567973,0.00730634427512602
525,0.22202,0.00705,0.01354,0.75739,0.00879946968099025,0.00103198837202751,0.00269163312672602,0.00761160663431549
526,0.22206,0.00709,0.01364,0.75721,0.0092825044513261,0.00111499875435905,0.0031066952788382,0.00755946059216161
527,0.22204,0.00718,0.01379,0.75699,0.00973232871527787,0.00124704094203483,0.00295539055512691,0.0077886598476389
528,0.2217,0.00733,0.01391,0.75706,0.010115774260475,0.00167401712456394,0.00259805482792201,0.00777848885638393
529,0.22198,0.00729,0.01394,0.75679,0.0101378060304541,0.00128534474407106,0.00250829734193448,0.00795521492132328
530,0.22187,0.00737,0.01416,0.7566,0.0102247032013431,0.00141110673665114,0.00233818543129306,0.00798136719003845
531,0.22203,0.00694,0.01416,0.75687,0.0105741876493868,0.00134263422668524,0.00245320651846155,0.00822273947321966
532,0.22231,0.00682,0.01397,0.7569,0.0108658946556032,0.00113607511488751,0.00268081662516812,0.00824230280659208
533,0.2223,0.00685,0.01394,0.75691,0.0114122740941497,0.00156648935166789,0.00249764333366921,0.00837595102394679
534,0.22229,0.00676,0.01404,0.75691,0.0113700825756798,0.00164600526528117,0.00229501876051398,0.00866172294895447
535,0.22232,0.00694,0.01417,0.75657,0.0116906230230329,0.00136071876431376,0.00274309233449324,0.00891553575382759
536,0.22242,0.00704,0.01416,0.75638,0.0121040672686682,0.00138419651783986,0.00220161556842041,0.00963544382879054
537,0.22263,0.00708,0.01432,0.75597,0.0123916683479039,0.00132396710264602,0.00232417249312046,0.00988894444428841
538,0.22286,0.00697,0.01425,0.75592,0.0124216835502368,0.00129447544073523,0.00217217249161602,0.010339224127349
539,0.2227,0.00692,0.01441,0.75597,0.0126059950464496,0.00131976428871893,0.00209997354480691,0.0105924553863168
540,0.22263,0.00721,0.01428,0.75588,0.012815186303757,0.00150513934386303,0.00199376806853533,0.0108408486752652
541,0.22263,0.00728,0.01446,0.75563,0.0131532040878935,0.00128045130932635,0.00220716006568521,0.0112579897554285
542,0.22259,0.00716,0.01445,0.7558,0.0133574323880003,0.00131504119073637,0.00236795739451161,0.0116739976966857
543,0.22273,0.00723,0.01438,0.75566,0.0136438875203025,0.00131237697836153,0.00252049377878401,0.0118347135345324
544,0.22284,0.00721,0.01431,0.75564,0.0139917594795413,0.00146549195380482,0.00263542111330323,0.0122164915858305
545,0.22283,0.00733,0.01405,0.75579,0.0139584343279928,0.00167666998011601,0.00273871421575081,0.0119671262678686
546,0.22278,0.00743,0.01412,0.75567,0.0142167975765759,0.00188387897700463,0.00286232228948609,0.0121439559726914
547,0.22271,0.00751,0.01403,0.75575,0.0140925867036538,0.00168024469117513,0.0027988291202652,0.0119681289728642
548,0.22259,0.00734,0.01438,0.75569,0.014034754480693,0.00147738507731284,0.0030763614872118,0.0119372851929481
549,0.22281,0.00715,0.01435,0.75569,0.0143120345630289,0.00181796589626978,0.00284224089994732,0.0118737291717659
550,0.22281,0.00727,0.01393,0.75599,0.0144663940066471,0.00177391594439471,0.00291968415338981,0.0117312924361394
551,0.22304,0.00734,0.014,0.75562,0.0147246731712456,0.00214019729100951,0.00270349567946555,0.0117198596882007
552,0.22295,0.00742,0.01417,0.75546,0.0153929457147675,0.00228609322255726,0.00283746757201245,0.0117795679981153
553,0.22297,0.00728,0.01453,0.75522,0.0154247312240225,0.00222550868092867,0.00316334913940554,0.0118132505640441
554,0.22285,0.00749,0.01446,0.7552,0.0156589520012604,0.00210789521139506,0.00312914613841469,0.0120051840654129
555,0.22292,0.00725,0.01447,0.75536,0.015862800649458,0.00185487346079337,0.00296049920715334,0.0123766985366319
556,0.22296,0.00749,0.01389,0.75566,0.0162731680996664,0.0013819872969347,0.0027634318438412,0.0129372159120715
557,0.22336,0.00754,0.01385,0.75525,0.0158361190531856,0.0013031585560561,0.00265172899570576,0.0126673026156146
558,0.22349,0.00749,0.01405,0.75497,0.0162481759660038,0.00139797472557029,0.00261926622464299,0.0129523099612901
559,0.22348,0.00772,0.01405,0.75475,0.0168557144942334,0.00162193300313751,0.00260053413316914,0.0134724616244479
560,0.22375,0.00739,0.01448,0.75438,0.0170354695333654,0.00123058251788872,0.00293515095201441,0.0135557122031022
561,0.22376,0.00746,0.01433,0.75445,0.0167949198668327,0.000818127944354264,0.00286086622468712,0.0136365725573221
562,0.22362,0.00738,0.01459,0.75441,0.0169610534264041,0.000835064867739826,0.00248839528835575,0.0140662282712097
563,0.22371,0.00744,0.01451,0.75434,0.0170871914342618,0.00101784085199996,0.00223081948071904,0.0142429085668779
564,0.22414,0.00695,0.01452,0.75439,0.0167005123008581,0.000883490552046572,0.0021983832443159,0.0142117674246849
565,0.22413,0.0073,0.01432,0.75425,0.0168226071436954,0.00122020034784821,0.00220292734534957,0.0141908616917915
566,0.22433,0.00726,0.01439,0.75402,0.0171222434926683,0.00110574258607809,0.00221331827304113,0.0147472633996202
567,0.22449,0.00728,0.01453,0.7537,0.0173620563298245,0.00120995867698033,0.00186788650618821,0.015115701917028
568,0.22464,0.00771,0.01409,0.75356,0.0172385356428877,0.00120779873231337,0.00179471446196881,0.0154849173929559
569,0.22452,0.00768,0.01436,0.75344,0.0176607411446343,0.00139267927232208,0.0016741166825125,0.0159513984061308
570,0.22441,0.00786,0.01442,0.75331,0.0174879927061081,0.00150199866844149,0.0014927975229228,0.0160389421928838
571,0.22432,0.0079,0.01479,0.75299,0.0175215930275253,0.00116904519445001,0.00167693503485112,0.0160656604110894
572,0.22414,0.008,0.01527,0.75259,0.0173713813178138,0.00125521135891752,0.00162893966875524,0.0160937841693273
573,0.22367,0.008,0.01541,0.75292,0.0176453991485348,0.00136381816969859,0.00165559656921606,0.0165589049557431
574,0.22339,0.00798,0.01535,0.75328,0.0177706655912365,0.00158380694670924,0.00150720491860485,0.0168512314090098
575,0.2233,0.00799,0.01564,0.75307,0.0178950024060102,0.00142161879559888,0.0016419500601419,0.0169718099604413
576,0.22301,0.00817,0.01557,0.75325,0.0173062255978721,0.00122569708057633,0.00177328947314181,0.016826054531919
577,0.22291,0.00822,0.01532,0.75355,0.0172121694674953,0.00114192819388962,0.0018078839687448,0.017030446591652
578,0.22297,0.00781,0.01572,0.7535,0.0172816569421646,0.00101044544632553,0.00232417249312046,0.0172193044123288
579,0.22276,0.00811,0.01561,0.75352,0.0171209553212171,0.00109994949379001,0.00229659167753724,0.0170391575169927
580,0.22247,0.00823,0.01542,0.75388,0.0169725300935888,0.0011116054455906,0.0024325569537697,0.0168016401315798
581,0.22224,0.00813,0.01612,0.75351,0.0170654426644413,0.00143685613599816,0.00236680750754635,0.016985513435474
582,0.22236,0.00796,0.016,0.75368,0.0172075048226703,0.00126068764304777,0.00254296414970142,0.0170974851951976
583,0.22217,0.00812,0.01588,0.75383,0.0169398314303564,0.00169233566410449,0.00243985427615849,0.0170199915132503
584,0.22186,0.00779,0.01623,0.75412,0.0168233435704348,0.00169669613595888,0.00263988636119057,0.0173417799932225
585,0.22149,0.00793,0.01617,0.75441,0.0169326410619647,0.00122388271042976,0.00272643438293395,0.0172382939346612
586,0.22119,0.00794,0.01622,0.75465,0.0169476612611364,0.00104264620610786,0.00267241048077906,0.0172412457657663
587,0.22095,0.0082,0.01615,0.7547,0.0166007529949698,0.00105198225587063,0.00261544557495574,0.0171961882081143
588,0.22096,0.00805,0.01623,0.75476,0.0165300534381068,0.00158482385982376,0.00249891087387197,0.0173053106813423
589,0.22077,0.00792,0.01627,0.75504,0.0158262124338074,0.00169888852554316,0.00262257295206232,0.0169336089216419
590,0.22091,0.00779,0.01611,0.75519,0.0154484411295552,0.00115417117929322,0.00270819743248777,0.0167106386605792
591,0.2209,0.00777,0.01613,0.7552,0.0152513023123346,0.00134499070628759,0.00259574438049837,0.0167308763136371
592,0.22088,0.00782,0.01631,0.75499,0.0150170125746324,0.00206978259727924,0.00240067120243948,0.0164073459157781
593,0.22028,0.00838,0.01588,0.75546,0.0146329764573036,0.00194182045170677,0.00274339611106785,0.0160943882559522
594,0.22019,0.00836,0.0156,0.75585,0.0147329147753517,0.00198393548282196,0.00248685432714593,0.0162737177340917
595,0.2198,0.00824,0.01576,0.7562,0.0144281360927568,0.00187154125433202,0.00270357787632118,0.0165200887810367
596,0.21951,0.00819,0.01582,0.75648,0.0141916603053421,0.00172462556322621,0.00248542417573607,0.0162156166155414
597,0.21925,0.00815,0.01596,0.75664,0.0139197102460264,0.00141911553049387,0.00283360782984049,0.016059071510451
598,0.21922,0.00807,0.01604,0.75667,0.013375416919774,0.00189153083212748,0.00260520845828335,0.0157148938554764
599,0.21864,0.00834,0.01587,0.75715,0.013038166196892,0.00200177698835587,0.00263272144789802,0.0155830570385488
600,0.21833,0.00834,0.01597,0.75736,0.0127035471861646,0.00182037847102677,0.00283315685724913,0.0154752993150016
601,0.21797,0.00822,0.01621,0.7576,0.0127424095052702,0.00173576752155607,0.00290572232366106,0.0154527236002805
602,0.21775,0.00808,0.01632,0.75785,0.0125400026581603,0.00180049375943872,0.0028646504537591,0.015095565942061
603,0.21732,0.00806,0.01664,0.75798,0.0119571271168659,0.00169194168536231,0.00311348322265879,0.0146392774563653
604,0.21703,0.00792,0.0166,0.75845,0.0115251464198942,0.00161987653850533,0.00324824739068796,0.0141596649363998
605,0.21672,0.0082,0.01623,0.75885,0.0114044630639841,0.00191078808639554,0.00294733401191276,0.0137543730419739
606,0.21672,0.00823,0.01607,0.75898,0.0111243276950415,0.00194310747686963,0.00288368976602315,0.013401890413918
607,0.21674,0.0081,0.01616,0.759,0.0108114342763165,0.00174164673034842,0.00297739632714372,0.0131523550911783
608,0.21632,0.00811,0.016,0.75957,0.0111501669145454,0.00163397946403524,0.00293787527153743,0.0131323222961093
609,0.21619,0.00831,0.01595,0.75955,0.0109853892865832,0.00149922202047151,0.00327083067940444,0.0129936950522594
610,0.21596,0.0082,0.01599,0.75985,0.0109609610284257,0.00184511366707974,0.0030475673358708,0.0128091330264343
611,0.21544,0.00851,0.01602,0.76003,0.0105278677803247,0.00193244232341701,0.00290700303864077,0.0124836826831402
612,0.21503,0.00819,0.01645,0.76033,0.0106732323543006,0.00190988655858579,0.00300527314343749,0.0119890737293958
613,0.21471,0.00827,0.01657,0.76045,0.0105201869438396,0.00237208300398148,0.00291587608332956,0.0117195231226455
614,0.21472,0.00793,0.01705,0.7603,0.0109156157254947,0.0022891288978804,0.00329755801903301,0.0116096702986969
615,0.2144,0.00809,0.01688,0.76063,0.0106929883568626,0.00233021219825339,0.00336214217426926,0.0111409205683871
616,0.2142,0.00787,0.01671,0.76122,0.01060251542481,0.00197261811363026,0.00332981480966535,0.0105046867846902
617,0.21373,0.00817,0.01639,0.76171,0.0104972006850504,0.00195109655777918,0.00344107541329742,0.0104303456851205
618,0.21374,0.00801,0.01647,0.76178,0.010362560816066,0.00174512018051607,0.00348011813337166,0.0104524106735666
619,0.2134,0.00792,0.01652,0.76216,0.010506294409649,0.00166519935409815,0.00331052194609182,0.0104090985840914
620,0.21299,0.00816,0.0165,0.76235,0.0110077195135454,0.00145311925028731,0.00338099262216159,0.0106256764490549
621,0.2126,0.0083,0.0166,0.7625,0.0108251764163197,0.00191253177170414,0.00322317993430229,0.0105965403159081
622,0.21258,0.00846,0.01651,0.76245,0.011016835601327,0.00172059421260344,0.00351834872884678,0.0104482055875638
623,0.21235,0.00839,0.01653,0.76273,0.0111467234847037,0.00208563872444124,0.0034357758302246,0.0103348439756002
624,0.21223,0.00827,0.01635,0.76315,0.0109349643092442,0.00171985141477073,0.00359018724364683,0.0102892878492365
625,0.21208,0.00836,0.0162,0.76336,0.0106594558960577,0.00146908890888953,0.00345253530032641,0.0102751263847323
626,0.21195,0.00814,0.01659,0.76332,0.0109234965911917,0.00150273824141872,0.00368493931805909,0.0102928022315489
627,0.21181,0.00823,0.01625,0.76371,0.0113860977609637,0.00168196313871618,0.00347379075682779,0.0106694215192556
628,0.21209,0.0082,0.01595,0.76376,0.0112299648757737,0.00163639169448448,0.00338435945030797,0.0105028250167911
629,0.21162,0.00835,0.01607,0.76396,0.0117142648083437,0.00173221117521957,0.00344030037448283,0.0106403007476293
630,0.21158,0.00826,0.01611,0.76405,0.0117154029664654,0.00135006172698387,0.00363973442254606,0.0103968210953584
631,0.21154,0.00805,0.01625,0.76416,0.0122071199624554,0.00152187749543487,0.00352554172354327,0.0104096322915098
632,0.21126,0.00789,0.01636,0.76449,0.0125707950778337,0.00169276237093233,0.00308480145228182,0.0107269598054
633,0.21075,0.00811,0.01651,0.76463,0.0126417518125017,0.00128014756093889,0.00352150535992777,0.0109626689775397
634,0.21089,0.00773,0.01623,0.76515,0.0126675833001669,0.00131491444588612,0.00342573593066755,0.011277731253325
635,0.21066,0.00789,0.01636,0.76509,0.0127809058972968,0.00154520764516186,0.00348527059367147,0.0113578607140606
636,0.2107,0.00783,0.01606,0.76541,0.0134499070628759,0.00156563796013709,0.00364179442949031,0.0116791790046314
637,0.21063,0.00779,0.01609,0.76549,0.0134430527287022,0.00187879985333427,0.00320674636075606,0.0113117883447117
638,0.21037,0.00797,0.01613,0.76553,0.0138395608472395,0.00190790752163492,0.00370466672665107,0.0112091282246014
639,0.21015,0.0081,0.01619,0.76556,0.0138548226661734,0.00192238278070616,0.0034229454502746,0.011118473116595
640,0.21013,0.00793,0.01595,0.76599,0.0141797233948888,0.00191372237624305,0.00334705509034103,0.0112220467533037
641,0.21003,0.00791,0.0158,0.76626,0.0142595036535093,0.00170974332056663,0.0035421274210094,0.0115361460924638
642,0.20999,0.00796,0.01563,0.76642,0.0141643096078371,0.0018099723754798,0.00339707390427572,0.0115262791529232
643,0.20999,0.00777,0.01552,0.76672,0.0142484658043516,0.00141817566691233,0.00350517078360274,0.0117313255857981
644,0.20977,0.00789,0.01562,0.76672,0.0141453604486497,0.00161757706325095,0.00335088711305595,0.0118077940361441
645,0.21009,0.00751,0.01551,0.76689,0.0145088057552799,0.00123058251788872,0.00341872295845491,0.0120841907741754
646,0.21011,0.00767,0.01503,0.76719,0.0148712586331263,0.00129447544073523,0.00336750814566366,0.0124170536852436
647,0.20989,0.00777,0.01537,0.76697,0.0154543377585568,0.00128499891915216,0.00324792241286642,0.0132233001428035
648,0.20975,0.00763,0.01564,0.76698,0.0156237177251625,0.00152246145727532,0.00338795251180152,0.0133537177511649
649,0.21021,0.00719,0.01583,0.76677,0.0159193418345246,0.00157511904312023,0.00330119506980258,0.0138406045147361
650,0.20993,0.00745,0.01567,0.76695,0.0160393301328675,0.00138182648854494,0.00293259460394905,0.0143801753968595
651,0.20961,0.00762,0.01516,0.76761,0.0162080535537121,0.0013306639946533,0.00268460632330163,0.0147833577602203
652,0.20963,0.00764,0.01546,0.76727,0.0163064438523889,0.00152184099037974,0.0027423428750695,0.0148399648097816
653,0.20945,0.0076,0.01559,0.76736,0.0161729712792671,0.00159443476574685,0.00294597654060208,0.0149917903459786
654,0.20954,0.00777,0.01519,0.7675,0.0162664071017542,0.00186848126086997,0.0026421582087377,0.0148285760161475
655,0.20987,0.0077,0.01533,0.7671,0.0167018329000808,0.00162480768092719,0.00294091822395659,0.0150264951188078
656,0.21017,0.00741,0.01515,0.76727,0.0166781993432545,0.00156804903551444,0.00278138654471311,0.0151451532401183
657,0.21068,0.00728,0.01509,0.76695,0.0170868890608495,0.00187841540784898,0.00236147317485411,0.0155686472687185
658,0.21096,0.00729,0.01511,0.76664,0.017173765522512,0.00188588322956528,0.00231538333759229,0.0156274829138356
659,0.21092,0.00756,0.01486,0.76666,0.0172099970947121,0.00185304554120447,0.00223019680247681,0.0156824176140741
660,0.21106,0.00747,0.0152,0.76627,0.0171144643179063,0.00157554223470313,0.00239768406778059,0.0157783290201043
661,0.21113,0.00736,0.01497,0.76654,0.0170368913439825,0.0015443085471786,0.00255388592801897,0.0157004741612758
662,0.21098,0.00744,0.01527,0.76631,0.0172238078123148,0.00145235441037418,0.00291129982424804,0.0160338149615811
663,0.21048,0.00736,0.0158,0.76636,0.0172363827089355,0.00129803269946827,0.00269855928640121,0.0162022083542817
664,0.21056,0.00751,0.01569,0.76624,0.0172090544643091,0.00117515956363381,0.00252870190677615,0.0161601842673763
665,0.21042,0.00754,0.01574,0.7663,0.0169673411784719,0.00113156725140154,0.00240148102451614,0.0162734958342289
666,0.21036,0.00732,0.01594,0.76638,0.016884786051354,0.00126561359734232,0.00253517476934256,0.0166747180552543
667,0.21033,0.00736,0.01603,0.76628,0.0161191432085511,0.0015777621282479,0.00256343952965975,0.0164887705895726
668,0.20986,0.00753,0.01586,0.76675,0.0163888308850198,0.0014329844536646,0.00209082652450067,0.0166642831629006
669,0.20992,0.0075,0.0155,0.76708,0.0157729585754297,0.00130809445802324,0.00191601438175999,0.0159324825435335
670,0.20972,0.00761,0.01525,0.76742,0.0155456174603077,0.00137796145729036,0.00194722024092465,0.0158313191701345
671,0.20979,0.00757,0.01508,0.76756,0.0154115721312122,0.00138407610580729,0.00200543705405524,0.0159692203942459
672,0.20983,0.00754,0.0151,0.76753,0.0149260436076603,0.00171994831963702,0.00197821468332771,0.0159322210211466
673,0.21,0.00729,0.01512,0.76759,0.0146193175095298,0.00184297464864701,0.00190776192318527,0.0159037696439834
674,0.21,0.00736,0.01526,0.76738,0.0139761701954911,0.0018739145005991,0.00199176080670122,0.0153220103119662
675,0.20977,0.0075,0.01522,0.76751,0.0139061177584224,0.00200610180311081,0.0019998888858023,0.0152810303608392
676,0.20953,0.0077,0.01514,0.76763,0.0133050575179349,0.00157550697307953,0.0024744022847279,0.0148256571898554
677,0.20943,0.00761,0.01528,0.76768,0.0132750434190543,0.00156094700600487,0.00261737782268183,0.0150408185356457
678,0.20934,0.00763,0.01526,0.76777,0.0132871031873434,0.00143530871630849,0.00247305479114394,0.0149467239071161
679,0.20927,0.00769,0.01506,0.76798,0.012979132824996,0.00153727753584778,0.00239313833931746,0.0147752646150397
680,0.20925,0.00762,0.0151,0.76803,0.0126137711340512,0.00171062042026343,0.00259700682410433,0.0146368674547831
681,0.20936,0.00733,0.01527,0.76804,0.0124229357775581,0.00191197977674103,0.00269981480846372,0.014723994023362
682,0.20924,0.0072,0.01532,0.76824,0.0117050036783895,0.00175941909605289,0.00305570504684816,0.0146000913239153
683,0.20957,0.00713,0.01497,0.76833,0.0113278467111411,0.00219395634515467,0.00295223079495264,0.0145866034428855
684,0.20963,0.00702,0.01506,0.76829,0.0111183581921473,0.0020258331619361,0.0035286761760688,0.0146454733241671
685,0.20977,0.00688,0.01501,0.76834,0.0106974607578933,0.00201869044459796,0.00395992424169958,0.0145173612539531
686,0.20976,0.00693,0.01487,0.76844,0.0106649165230884,0.0018233363802534,0.00390414309847031,0.0141689958869514
687,0.20999,0.00688,0.01469,0.76844,0.0104268297088702,0.00177250607270547,0.00404761932773108,0.0137520261133486
688,0.21053,0.00662,0.01446,0.76839,0.0104610441373911,0.00175106316911247,0.00374854045670519,0.0135061673155472
689,0.21041,0.00669,0.01452,0.76838,0.0105211374543503,0.00184719005819951,0.00413354838150253,0.0135279792364648
690,0.21031,0.00673,0.01415,0.76881,0.0101983059595427,0.00168723969185702,0.00410886575319489,0.0129433337625547
691,0.21068,0.00663,0.01428,0.76841,0.00998162756712997,0.00172887246493199,0.00362454594857526,0.0128232817779052
692,0.2109,0.00702,0.01369,0.76839,0.0100289580715047,0.00180480839241548,0.00324771714696133,0.0127263899044466
693,0.21126,0.00725,0.01361,0.76788,0.00987873136254516,0.00203155660079217,0.0030762350726533,0.0124157426949283
694,0.21186,0.00696,0.01406,0.76712,0.0101054660676509,0.00199621864756566,0.00345935125581533,0.0121025984354142
695,0.21224,0.0068,0.0142,0.76676,0.00989435304717909,0.00181414197655837,0.00319756852068012,0.0116301523826837
696,0.21266,0.00641,0.01417,0.76676,0.00959180205522751,0.00144487600390714,0.00321940298123046,0.0112117200583437
697,0.21294,0.0064,0.01411,0.76655,0.00936900326727567,0.00149294637843725,0.00333481633677179,0.0106977931265181
698,0.21294,0.00671,0.01364,0.76671,0.00926081349918389,0.00140352730250925,0.00340594251925138,0.0108290196539976
699,0.21298,0.00693,0.01363,0.76646,0.0089675712059249,0.00130217766324978,0.00341956787393443,0.0106110215237638
700,0.21312,0.00713,0.0135,0.76625,0.00873864978128773,0.00151734417102164,0.00323728281124773,0.0106532467664401
701,0.21334,0.00702,0.01364,0.766,0.00865026653410813,0.00158801063528485,0.00313836475466657,0.0103582495303663
702,0.21376,0.007,0.01342,0.76582,0.00856935107098418,0.00141970262926979,0.00296827671666013,0.0105860285282064
703,0.21409,0.0068,0.01363,0.76548,0.00837502238802978,0.00124275679215382,0.00292956196953287,0.0101160818062682
704,0.21433,0.00674,0.01372,0.76521,0.0080469524942331,0.00122129257573915,0.00293401507229333,0.00984529780600306
705,0.21463,0.00676,0.01367,0.76494,0.00786949807802251,0.00156076904121013,0.00298032436713411,0.00966806886381948
706,0.21487,0.0068,0.01367,0.76466,0.00820637286232813,0.00118790197874703,0.00315385126120078,0.009675995498598
707,0.21493,0.00701,0.0137,0.76436,0.00780840715013134,0.00135273385737509,0.00318363872880633,0.00933466657144217
708,0.21499,0.00717,0.01339,0.76445,0.00761408782017474,0.00142364945747813,0.00274284928900992,0.00909618357090246
709,0.21514,0.00709,0.01333,0.76444,0.00742850366269457,0.00146852155433809,0.00278888667551926,0.00885364959274485
710,0.21505,0.00686,0.01363,0.76446,0.00758906376893019,0.00151011405014471,0.00274754435814966,0.00874886659326034
711,0.21529,0.00693,0.01355,0.76423,0.00739135380773449,0.00173079942993597,0.00312205416708651,0.00846312918225615
712,0.21531,0.00702,0.0135,0.76417,0.00736665912518468,0.001810954321775,0.00303095144577848,0.00848410932927619
713,0.21538,0.00712,0.01334,0.76416,0.00710974292393505,0.0019998888858023,0.0031227480775041,0.00845382227818346
714,0.21549,0.00706,0.01329,0.76416,0.00700832045183121,0.0021109239683134,0.0030708124151255,0.00798097738375444
715,0.21559,0.00692,0.01337,0.76412,0.00694381419362266,0.00182440248970572,0.00309194293464661,0.00799636028313992
716,0.2159,0.0068,0.01343,0.76387,0.00661882836224727,0.0019832633040858,0.00333068227912007,0.00775056270358623
717,0.21597,0.00679,0.01353,0.76371,0.00671698510411396,0.00182175129416114,0.00360310051668467,0.0077802384996291
718,0.21636,0.0067,0.01372,0.76322,0.0062645741187162,0.00201494416796099,0.00369678539033878,0.00733799851609567
719,0.21645,0.00649,0.0137,0.76336,0.00636836801002511,0.00182175129416114,0.00379121792216345,0.00698366347668295
720,0.21649,0.00673,0.01374,0.76304,0.00650614239691147,0.00174741078297132,0.00377982950820683,0.00667452869746872
721,0.21673,0.00673,0.01364,0.7629,0.00648434867799209,0.0019630192165245,0.00363996336977906,0.00595221714060306
722,0.21707,0.00631,0.01392,0.7627,0.0069402289427495,0.001652909892012,0.0037123816853575,0.00566293995102269
723,0.21731,0.00614,0.01379,0.76276,0.00723286480817479,0.00153347825402109,0.00364766287428601,0.00567591402330938
724,0.21749,0.00637,0.01349,0.76265,0.0073696751021406,0.00152100113229558,0.00311143053915719,0.00572795290173064
725,0.21787,0.00649,0.01359,0.76205,0.0075117759403338,0.0014433371824429,0.00286296272339609,0.00557678720730454
726,0.21831,0.00629,0.01352,0.76188,0.00765091860860874,0.00113377442396821,0.00314706212204335,0.00564344260575444
727,0.21886,0.00662,0.0131,0.76142,0.0077350860082843,0.00101302626926562,0.00285929284186765,0.00573096850453743
728,0.21944,0.0066,0.01296,0.761,0.00776991348443183,0.00104562580942387,0.00271383287784802,0.00596769078734256
729,0.21983,0.00655,0.01307,0.76055,0.00778731875123481,0.00114041902630373,0.00256300604759333,0.00574751153882173
730,0.22005,0.00672,0.01316,0.76007,0.00742177726543836,0.00129254271367203,0.0020839065877977,0.00576060374922245
731,0.22022,0.00687,0.01316,0.75975,0.00747615468599258,0.00141739197119216,0.00223019680247681,0.00573957993042851
