platform,simu,peak_frac,peak_day,peak_count,lateI,noreinf
C++,C++_1,0.3867,38,7734,0.0407178247734139,FALSE
C++,C++_10,0.3939,38,7878,0.0415590634441088,FALSE
C++,C++_11,0.38665,39,7733,0.0410273413897281,FALSE
C++,C++_12,0.3921,38,7842,0.0404134441087613,FALSE
C++,C++_13,0.38635,39,7727,0.0402827794561934,FALSE
C++,C++_14,0.39805,39,7961,0.0411377643504532,FALSE
C++,C++_15,0.39185,39,7837,0.0414173716012085,FALSE
C++,C++_16,0.39055,39,7811,0.0406688821752266,FALSE
C++,C++_17,0.38705,40,7741,0.0403333836858006,FALSE
C++,C++_18,0.3945,37,7890,0.0412519637462236,FALSE
C++,C++_19,0.3859,39,7718,0.0405039274924472,FALSE
C++,C++_2,0.3898,39,7796,0.0402216012084592,FALSE
C++,C++_20,0.3921,38,7842,0.0402206948640483,FALSE
C++,C++_21,0.388,41,7760,0.0410649546827795,FALSE
C++,C++_22,0.3918,37,7836,0.0409870090634441,FALSE
C++,C++_23,0.38735,39,7747,0.0405746223564955,FALSE
C++,C++_24,0.3839,38,7678,0.0396060422960725,FALSE
C++,C++_25,0.39625,38,7925,0.0408409365558913,FALSE
C++,C++_26,0.38865,37,7773,0.0399466767371601,FALSE
C++,C++_27,0.3885,40,7770,0.039947583081571,FALSE
C++,C++_28,0.3921,38,7842,0.0408368580060423,FALSE
C++,C++_29,0.383,38,7660,0.0406681268882176,FALSE
C++,C++_3,0.38955,38,7791,0.0402395770392749,FALSE
C++,C++_30,0.38855,40,7771,0.0413058912386707,FALSE
C++,C++_4,0.39025,38,7805,0.0410909365558912,FALSE
C++,C++_5,0.39285,37,7857,0.0401962235649547,FALSE
C++,C++_6,0.38765,38,7753,0.0408176737160121,FALSE
C++,C++_7,0.38525,38,7705,0.0411528700906344,FALSE
C++,C++_8,0.39225,39,7845,0.0405759818731118,FALSE
C++,C++_9,0.391,39,7820,0.0408283987915408,FALSE
Cormas,CORMAS_1,0.32875,31,6575,0.0301043806646526,FALSE
Cormas,CORMAS_10,0.3223,33,6446,0.0295309667673716,FALSE
Cormas,CORMAS_11,0.3311,29,6622,0.030288670694864,FALSE
Cormas,CORMAS_12,0.3201,31,6402,0.0293250755287009,FALSE
Cormas,CORMAS_13,0.32595,30,6519,0.0307735649546828,FALSE
Cormas,CORMAS_14,0.3251,29,6502,0.0296229607250755,FALSE
Cormas,CORMAS_15,0.3266,30,6532,0.0304959214501511,FALSE
Cormas,CORMAS_16,0.32,31,6400,0.0293197885196375,FALSE
Cormas,CORMAS_17,0.32685,32,6537,0.029959667673716,FALSE
Cormas,CORMAS_18,0.3155,29,6310,0.0291646525679758,FALSE
Cormas,CORMAS_19,0.33045,30,6609,0,TRUE
Cormas,CORMAS_2,0.31735,31,6347,0.0290206948640484,FALSE
Cormas,CORMAS_20,0.3252,33,6504,0.0296404833836858,FALSE
Cormas,CORMAS_21,0.3237,30,6474,0.0310320241691843,FALSE
Cormas,CORMAS_22,0.32705,32,6541,0.0309027190332326,FALSE
Cormas,CORMAS_23,0.3218,30,6436,0.0291315709969789,FALSE
Cormas,CORMAS_24,0.3311,30,6622,0,TRUE
Cormas,CORMAS_25,0.33355,29,6671,0.0305719033232629,FALSE
Cormas,CORMAS_26,0.32195,32,6439,0.0300613293051359,FALSE
Cormas,CORMAS_27,0.32605,30,6521,0.0300625377643505,FALSE
Cormas,CORMAS_28,0.3246,30,6492,0.0299658610271903,FALSE
Cormas,CORMAS_29,0.32985,30,6597,0.0301016616314199,FALSE
Cormas,CORMAS_3,0.3282,31,6564,0,TRUE
Cormas,CORMAS_30,0.32275,29,6455,0.0296829305135952,FALSE
Cormas,CORMAS_4,0.33015,31,6603,0.0302672205438066,FALSE
Cormas,CORMAS_5,0.3243,30,6486,0.0303743202416918,FALSE
Cormas,CORMAS_6,0.32995,30,6599,0.0307850453172206,FALSE
Cormas,CORMAS_7,0.3255,30,6510,0.0304599697885196,FALSE
Cormas,CORMAS_8,0.3308,31,6616,0.0294049848942598,FALSE
Cormas,CORMAS_9,0.3239,32,6478,0.0303540785498489,FALSE
GAMA,GAMA_1,0.36585,32,7317,0.0354066465256798,FALSE
GAMA,GAMA_10,0.359,30,7180,0.0344974320241692,FALSE
GAMA,GAMA_11,0.3634,33,7268,0.0356093655589124,FALSE
GAMA,GAMA_12,0.3625,32,7250,0.0345530211480363,FALSE
GAMA,GAMA_13,0.3668,31,7336,0.0349862537764351,FALSE
GAMA,GAMA_14,0.3693,31,7386,0.0358959214501511,FALSE
GAMA,GAMA_15,0.3583,33,7166,0.0349132930513595,FALSE
GAMA,GAMA_16,0.36545,32,7309,0.035733081570997,FALSE
GAMA,GAMA_17,0.3608,32,7216,0.0342069486404834,FALSE
GAMA,GAMA_18,0.3655,35,7310,0.034562084592145,FALSE
GAMA,GAMA_19,0.35475,32,7095,0.0355084592145015,FALSE
GAMA,GAMA_2,0.36265,32,7253,0.035209667673716,FALSE
GAMA,GAMA_20,0.35745,32,7149,0.0351197885196375,FALSE
GAMA,GAMA_21,0.3605,33,7210,0.035062084592145,FALSE
GAMA,GAMA_22,0.3618,33,7236,0.0350601208459215,FALSE
GAMA,GAMA_23,0.3637,32,7274,0.0359105740181269,FALSE
GAMA,GAMA_24,0.3643,31,7286,0.0347941087613293,FALSE
GAMA,GAMA_25,0.36275,32,7255,0.0359244712990936,FALSE
GAMA,GAMA_26,0.35845,32,7169,0.0346226586102719,FALSE
GAMA,GAMA_27,0.36885,32,7377,0.0353460725075529,FALSE
GAMA,GAMA_28,0.36645,31,7329,0.0350569486404834,FALSE
GAMA,GAMA_29,0.36695,36,7339,0.0355110271903323,FALSE
GAMA,GAMA_3,0.3626,31,7252,0.035835498489426,FALSE
GAMA,GAMA_30,0.36245,34,7249,0.0360492447129909,FALSE
GAMA,GAMA_4,0.36145,33,7229,0.035143504531722,FALSE
GAMA,GAMA_5,0.36295,32,7259,0.0347990936555891,FALSE
GAMA,GAMA_6,0.3638,33,7276,0.0349015105740181,FALSE
GAMA,GAMA_7,0.3687,31,7374,0.0348774924471299,FALSE
GAMA,GAMA_8,0.36505,34,7301,0.0338746223564955,FALSE
GAMA,GAMA_9,0.36735,32,7347,0.0354421450151057,FALSE
Julia,Julia_1,0.4118,34,8236,0.0391196374622356,FALSE
Julia,Julia_10,0.40825,34,8165,0.0394910876132931,FALSE
Julia,Julia_11,0.41355,34,8271,0.0388660120845921,FALSE
Julia,Julia_12,0.41815,33,8363,0.0399820241691843,FALSE
Julia,Julia_13,0.41175,34,8235,0.0381631419939577,FALSE
Julia,Julia_14,0.40515,35,8103,0.0394046827794562,FALSE
Julia,Julia_15,0.4095,33,8190,0.0388442598187311,FALSE
Julia,Julia_16,0.4109,36,8218,0.0390756797583082,FALSE
Julia,Julia_17,0.4112,34,8224,0.0395438066465257,FALSE
Julia,Julia_18,0.4092,34,8184,0.0390202416918429,FALSE
Julia,Julia_19,0.41295,34,8259,0.039399244712991,FALSE
Julia,Julia_2,0.40555,33,8111,0.0382746223564955,FALSE
Julia,Julia_20,0.41395,34,8279,0.0390173716012085,FALSE
Julia,Julia_21,0.4017,34,8034,0.0388312688821752,FALSE
Julia,Julia_22,0.4107,33,8214,0.0385944108761329,FALSE
Julia,Julia_23,0.40155,34,8031,0.0389117824773414,FALSE
Julia,Julia_24,0.4114,34,8228,0.039819335347432,FALSE
Julia,Julia_25,0.4051,34,8102,0.0390638972809668,FALSE
Julia,Julia_26,0.40735,34,8147,0.0390880664652568,FALSE
Julia,Julia_27,0.4114,34,8228,0.0393984894259819,FALSE
Julia,Julia_28,0.41195,35,8239,0.038369335347432,FALSE
Julia,Julia_29,0.41495,34,8299,0.0391932024169184,FALSE
Julia,Julia_3,0.41375,34,8275,0.0387796072507553,FALSE
Julia,Julia_30,0.4095,35,8190,0.0383688821752266,FALSE
Julia,Julia_4,0.40935,34,8187,0.0395657099697885,FALSE
Julia,Julia_5,0.41275,34,8255,0.0394853474320242,FALSE
Julia,Julia_6,0.41635,34,8327,0.0399626888217523,FALSE
Julia,Julia_7,0.41075,36,8215,0.0388521148036254,FALSE
Julia,Julia_8,0.4053,35,8106,0.0396894259818731,FALSE
Julia,Julia_9,0.40465,34,8093,0.0395785498489426,FALSE
Netlogo,Netlogo Dorian_1,0.3494,34,6988,0.0341536253776435,FALSE
Netlogo,Netlogo Dorian_10,0.3547,33,7094,0.0348341389728097,FALSE
Netlogo,Netlogo Dorian_11,0.3562,33,7124,0.035142749244713,FALSE
Netlogo,Netlogo Dorian_12,0.3533,33,7066,0.0351267371601208,FALSE
Netlogo,Netlogo Dorian_13,0.3556,34,7112,0.0351577039274924,FALSE
Netlogo,Netlogo Dorian_14,0.3484,34,6968,0.0348401812688822,FALSE
Netlogo,Netlogo Dorian_15,0.35185,33,7037,0.0358493957703928,FALSE
Netlogo,Netlogo Dorian_16,0.3527,34,7054,0.0353566465256797,FALSE
Netlogo,Netlogo Dorian_17,0.34315,32,6863,0.0354287009063444,FALSE
Netlogo,Netlogo Dorian_18,0.35315,35,7063,0.0350391238670695,FALSE
Netlogo,Netlogo Dorian_19,0.35305,32,7061,0.0358143504531722,FALSE
Netlogo,Netlogo Dorian_2,0.3559,33,7118,0.0360779456193354,FALSE
Netlogo,Netlogo Dorian_20,0.35595,33,7119,0.0352560422960725,FALSE
Netlogo,Netlogo Dorian_21,0.35025,32,7005,0.0357344410876133,FALSE
Netlogo,Netlogo Dorian_22,0.3525,33,7050,0.0362240181268882,FALSE
Netlogo,Netlogo Dorian_23,0.3533,33,7066,0.0353460725075529,FALSE
Netlogo,Netlogo Dorian_24,0.35355,33,7071,0.0355987915407855,FALSE
Netlogo,Netlogo Dorian_25,0.3536,34,7072,0.0359818731117825,FALSE
Netlogo,Netlogo Dorian_26,0.35245,32,7049,0.0357291540785498,FALSE
Netlogo,Netlogo Dorian_27,0.35485,34,7097,0.0359512084592145,FALSE
Netlogo,Netlogo Dorian_28,0.3514,33,7028,0.0361208459214502,FALSE
Netlogo,Netlogo Dorian_29,0.3486,33,6972,0.0353456193353474,FALSE
Netlogo,Netlogo Dorian_3,0.3521,34,7042,0.0355273413897281,FALSE
Netlogo,Netlogo Dorian_30,0.3521,33,7042,0.0351279456193353,FALSE
Netlogo,Netlogo Dorian_4,0.35335,33,7067,0.0349953172205438,FALSE
Netlogo,Netlogo Dorian_5,0.3562,34,7124,0.0353122356495468,FALSE
Netlogo,Netlogo Dorian_6,0.35575,32,7115,0.0354212990936556,FALSE
Netlogo,Netlogo Dorian_7,0.3572,32,7144,0.0351888217522659,FALSE
Netlogo,Netlogo Dorian_8,0.3547,33,7094,0.0351901812688822,FALSE
Netlogo,Netlogo Dorian_9,0.35035,33,7007,0.037166163141994,FALSE
PythonPDEVS,PythonPDEVS_1,0.34255,29,6851,0.0321824773413897,FALSE
PythonPDEVS,PythonPDEVS_10,0.33885,28,6777,0.0322167673716012,FALSE
PythonPDEVS,PythonPDEVS_11,0.33175,29,6635,0.0314006042296073,FALSE
PythonPDEVS,PythonPDEVS_12,0.33925,28,6785,0.0325793051359517,FALSE
PythonPDEVS,PythonPDEVS_13,0.3364,29,6728,0.0325705438066465,FALSE
PythonPDEVS,PythonPDEVS_14,0.3377,29,6754,0.0324208459214502,FALSE
PythonPDEVS,PythonPDEVS_15,0.3389,30,6778,0.0320459214501511,FALSE
PythonPDEVS,PythonPDEVS_16,0.3341,30,6682,0.0318635951661631,FALSE
PythonPDEVS,PythonPDEVS_17,0.33955,29,6791,0.0319504531722055,FALSE
PythonPDEVS,PythonPDEVS_18,0.32935,30,6587,0.0317457703927492,FALSE
PythonPDEVS,PythonPDEVS_19,0.3443,29,6886,0.0331939577039275,FALSE
PythonPDEVS,PythonPDEVS_2,0.3416,31,6832,0,TRUE
PythonPDEVS,PythonPDEVS_20,0.34065,29,6813,0.0326880664652568,FALSE
PythonPDEVS,PythonPDEVS_21,0.33615,29,6723,0.0323542296072508,FALSE
PythonPDEVS,PythonPDEVS_22,0.34245,29,6849,0.0323818731117825,FALSE
PythonPDEVS,PythonPDEVS_23,0.3339,28,6678,0.0316238670694864,FALSE
PythonPDEVS,PythonPDEVS_24,0.33245,30,6649,0.0309348942598187,FALSE
PythonPDEVS,PythonPDEVS_25,0.34105,28,6821,0.0320513595166163,FALSE
PythonPDEVS,PythonPDEVS_26,0.33215,30,6643,0.0324104229607251,FALSE
PythonPDEVS,PythonPDEVS_27,0.33305,29,6661,0.0319052870090634,FALSE
PythonPDEVS,PythonPDEVS_28,0.33075,29,6615,0.0312170694864048,FALSE
PythonPDEVS,PythonPDEVS_29,0.33545,29,6709,0.0314456193353474,FALSE
PythonPDEVS,PythonPDEVS_3,0.33505,29,6701,0.0326401812688822,FALSE
PythonPDEVS,PythonPDEVS_30,0.34405,28,6881,0.0328788519637462,FALSE
PythonPDEVS,PythonPDEVS_4,0.33125,30,6625,0.03185,FALSE
PythonPDEVS,PythonPDEVS_5,0.3349,29,6698,0.0326351963746224,FALSE
PythonPDEVS,PythonPDEVS_6,0.33575,29,6715,0.0309155589123867,FALSE
PythonPDEVS,PythonPDEVS_7,0.3369,30,6738,0.0323608761329305,FALSE
PythonPDEVS,PythonPDEVS_8,0.3333,30,6666,0.0318584592145015,FALSE
PythonPDEVS,PythonPDEVS_9,0.33165,32,6633,0.0324601208459215,FALSE
Python,Python_0,0.36205,32,7241,0.0350339879154078,FALSE
Python,Python_1,0.357,32,7140,0.0349194864048338,FALSE
Python,Python_10,0.3695,30,7390,0.0358673716012085,FALSE
Python,Python_11,0.3669,31,7338,0.0357377643504532,FALSE
Python,Python_12,0.36245,31,7249,0.0341658610271903,FALSE
Python,Python_13,0.3647,32,7294,0.0350320241691843,FALSE
Python,Python_14,0.3659,30,7318,0.0348595166163142,FALSE
Python,Python_15,0.35795,32,7159,0.0346793051359516,FALSE
Python,Python_16,0.36295,33,7259,0.035009667673716,FALSE
Python,Python_17,0.36005,30,7201,0.0354012084592145,FALSE
Python,Python_18,0.3589,31,7178,0.0346397280966767,FALSE
Python,Python_19,0.36565,32,7313,0.0349974320241692,FALSE
Python,Python_2,0.36535,30,7307,0.0350543806646526,FALSE
Python,Python_20,0.36295,31,7259,0.0355191842900302,FALSE
Python,Python_21,0.35445,32,7089,0.0350809667673716,FALSE
Python,Python_22,0.3571,31,7142,0.0354543806646525,FALSE
Python,Python_23,0.36645,31,7329,0.0355651057401813,FALSE
Python,Python_24,0.3629,30,7258,0.0350179758308157,FALSE
Python,Python_25,0.35685,31,7137,0.0352738670694864,FALSE
Python,Python_26,0.3646,33,7292,0.0353009063444109,FALSE
Python,Python_27,0.3686,30,7372,0.0362463746223565,FALSE
Python,Python_28,0.36715,32,7343,0.0351941087613293,FALSE
Python,Python_29,0.3641,30,7282,0.0353083081570997,FALSE
Python,Python_3,0.3539,30,7078,0.0345075528700906,FALSE
Python,Python_4,0.3638,31,7276,0.0358654078549849,FALSE
Python,Python_5,0.36375,32,7275,0.0343003021148036,FALSE
Python,Python_6,0.3655,31,7310,0.0349140483383686,FALSE
Python,Python_7,0.36445,32,7289,0.03502583081571,FALSE
Python,Python_8,0.36105,30,7221,0.0351333836858006,FALSE
Python,Python_9,0.37215,32,7443,0.0353936555891239,FALSE
